indexId,EncodedPixel_Pred
4230-20,
4230-1,
4230-2,
4230-4,2 16382
4230-5,
4230-6,
4230-7,
4230-15,
2108-20,
2108-1,
2108-2,
2108-4,2 16382
2108-5,
2108-6,
2108-7,
2108-15,
315-20,
315-1,
315-2,
315-4,2 16382
315-5,
315-6,
315-7,
315-15,
1058-20,1233 1 1371 1 1375 1 1465 1 1553 1 1639 1 1663 1 1681 1 1777 1 1879 1 2017 1 2103 1 2137 1 2253 1 2397 1 2521 1 2617 1 2697 1 2741 1 2745 1 2781 1 2785 1 2791 1 2971 1 2999 1 3041 1 3521 1 4025 1 5089 1 5799 1 5929 1 6095 1 6137 1 6143 1 6267 1 6321 1 6323 1 6325 1 6365 1 6367 1 6653 1 6655 1 6747 1 6749 1 6841 1 6877 1 7053 1 7455 1 7539 1 8327 1 8897 1 9401 1 9405 1 10421 1 10507 1 10551 1 10637 1 10933 1 10965 1 10969 1 10971 1 10973 1 11099 1 11123 1 11169 1 11209 1 11259 1 11352 1 11382 1 11611 1 11678 1 11889 1 11953 1 11997 1 12017 1 12091 1 12095 1 12193 1 12217 1 12277 1 12309 1 12337 1 12339 1 12365 1 12376 1 12404 2 12469 1 12473 1 12475 1 12513 1 12515 1 12529 1 12561 1 12563 1 12591 1 12598 2 12605 1 12635 1 12647 1 12649 1 12657 1 12667 1 12689 1 12691 1 12693 1 12697 1 12713 1 12719 1 12725 1 12727 1 12729 1 12731 1 12733 1 12761 1 12763 1 12767 1 12785 1 12831 1 12877 1 12887 1 12894 1 12912 1 12937 1 12974 1 12981 1 13025 1 13041 1 13125 1 13144 1 13148 2 13165 1 13211 1 13321 1 13342 1 13347 1 13355 1 13357 1 13362 1 13365 1 13399 1 13401 1 13407 1 13415 1 13427 1 13485 1 13493 1 13529 1 13533 1 13535 1 13555 1 13615 1 13645 1 13658 2 13661 1 13681 1 13703 1 13707 1 13721 1 13747 1 13787 1 13789 1 13793 1 13899 1 13907 1 13911 1 13939 1 13941 1 13945 1 13965 1 13983 1 14007 1 14077 1 14089 1 14133 1 14147 1 14157 1 14195 1 14203 1 14261 1 14377 1 14379 1 14385 1 14393 1 14409 1 14425 1 14437 1 14485 1 14501 1 14511 1 14513 1 14515 1 14523 1 14529 1 14553 1 14557 1 14565 1 14569 1 14634 2 14637 1 14639 1 14643 1 14649 1 14659 1 14667 1 14679 1 14683 1 14687 1 14693 1 14769 1 14777 1 14779 1 14821 1 14823 1 14875 1 14877 1 14885 1 14887 1 14889 1 14893 1 14895 1 14905 1 14917 1 14919 1 14923 1 14925 1 14927 1 14938 1 14941 1 14961 1 15021 1 15033 1 15049 1 15065 1 15089 1 15091 1 15133 1 15147 1 15151 1 15161 1 15175 1 15189 1 15201 1 15203 1 15205 1 15219 1 15319 1 15385 1 15403 1 15405 1 15411 1 15415 1 15417 1 15431 1 15435 1 15447 1 15449 1 15453 1 15457 1 15461 1 15463 1 15473 1 15533 1 15565 1 15647 1 15661 1 15663 1 15669 1 15673 1 15683 1 15689 1 15691 2 15699 1 15703 1 15705 1 15707 1 15718 2 15819 1 15843 1 15915 1 15921 1 15927 1 15931 1 15959 1 15961 1 15965 1 15975 1 16047 1 16055 1 16153 1 16167 1 16175 1 16177 1 16179 1 16209 1 16211 1 16219 1 16221 1
1058-1,981 1 1029 1 1749 1 1851 1 11961 1 12153 1 12341 1 12463 1 12595 1 12637 1 12655 1 12835 1 12889 1 12907 1 12975 1 13063 1 13105 1 13405 1 13619 1 13771 1 13885 1 14131 1 14381 1 15429 1 15659 1 15671 1 15697 1 15711 1 15713 1
1058-2,4 1 6 1 8 1 12 1 16 1 18 1 20 1 22 1 24 1 28 3 34 1 40 1 44 1 47 2 50 1 52 3 56 1 58 1 60 1 62 1 64 1 66 1 68 1 70 2 74 1 76 1 84 1 88 1 90 1 92 1 94 2 98 1 100 1 102 1 104 1 106 1 108 1 110 1 120 1 124 1 126 1 128 1 130 1 137 1 139 3 146 1 149 3 155 1 157 2 161 1 163 1 171 3 175 7 183 1 185 10 197 1 199 3 205 1 213 1 215 1 217 1 223 1 225 1 227 7 243 1 280 1 296 1 300 1 304 1 306 1 312 1 316 1 318 1 320 1 324 1 326 1 332 1 344 1 350 1 354 1 356 1 358 1 360 1 383 2 412 1 416 1 420 1 425 1 434 1 443 1 452 1 456 2 460 2 463 1 468 1 472 1 495 1 498 1 502 1 506 1 509 1 512 1 530 1 536 1 544 2 553 1 560 4 565 1 574 1 576 1 578 1 589 1 607 1 645 1 658 1 666 1 670 1 674 1 679 1 681 5 688 4 698 1 700 1 702 5 712 1 717 2 723 1 729 1 734 4 742 2 746 1 758 3 762 1 766 1 768 1 774 9 793 1 798 3 802 1 806 1 810 1 812 1 815 4 820 7 830 4 838 1 860 1 862 6 870 1 874 1 895 1 904 2 909 2 914 1 920 1 926 1 928 1 930 1 937 1 940 2 943 4 951 1 953 2 956 1 958 1 960 1 962 1 966 2 972 1 980 1 988 1 990 1 998 1 1000 1 1002 1 1010 1 1024 1 1030 1 1032 3 1036 3 1053 4 1058 1 1063 1 1065 1 1072 1 1075 6 1085 5 1105 1 1118 4 1125 1 1130 1 1149 1 1151 2 1159 2 1165 1 1183 3 1189 1 1194 1 1197 1 1200 1 1202 2 1206 2 1209 1 1215 3 1239 1 1246 2 1249 1 1253 1 1258 1 1286 1 1288 1 1293 1 1297 1 1304 1 1306 1 1312 3 1323 2 1328 1 1332 3 1337 3 1342 3 1346 3 1351 1 1364 2 1370 1 1374 1 1379 1 1383 1 1389 1 1407 2 1422 2 1435 1 1438 4 1444 1 1446 1 1448 1 1450 7 1461 1 1467 2 1470 2 1476 2 1496 3 1511 1 1521 1 1530 1 1534 1 1536 1 1547 1 1550 3 1554 1 1557 1 1559 1 1562 1 1565 1 1567 5 1573 1 1578 1 1581 1 1583 1 1589 2 1592 3 1596 11 1609 2 1614 1 1623 1 1626 1 1633 2 1637 2 1640 1 1642 2 1646 2 1650 1 1656 1 1659 1 1670 1 1672 1 1676 1 1679 1 1682 2 1687 1 1692 5 1699 1 1702 1 1712 1 1714 2 1718 1 1720 2 1723 1 1726 6 1733 2 1739 1 1743 1 1748 1 1753 1 1760 1 1771 1 1773 4 1788 1 1790 1 1792 1 1801 2 1805 1 1808 3 1812 2 1815 3 1820 9 1832 1 1837 1 1842 2 1845 6 1852 6 1862 5 1868 2 1880 3 1887 6 1894 1 1896 4 1901 2 1905 1 1907 2 1910 2 1914 1 1918 3 1924 1 1926 1 1931 7 1940 1 1942 3 1946 15 1966 1 1968 1 1975 3 1979 1 1983 4 1988 4 1996 4 2010 1 2018 1 2026 2 2032 5 2042 3 2046 1 2048 1 2060 1 2065 1 2067 3 2071 3 2075 5 2081 1 2083 1 2085 1 2087 4 2093 1 2096 1 2099 4 2104 1 2107 7 2117 3 2123 1 2125 1 2138 1 2142 1 2145 2 2149 1 2151 4 2160 2 2164 2 2169 1 2171 1 2173 4 2184 1 2186 2 2191 1 2193 2 2196 2 2199 1 2201 2 2204 2 2208 4 2213 1 2216 1 2220 2 2224 2 2229 2 2232 2 2236 1 2238 4 2244 4 2251 2 2263 3 2267 8 2277 1 2279 1 2283 1 2285 2 2288 3 2293 6 2300 5 2309 1 2321 1 2327 2 2335 1 2344 3 2350 4 2357 1 2360 1 2363 1 2365 1 2371 1 2376 2 2392 4 2398 1 2400 1 2402 1 2405 1 2407 2 2413 1 2417 1 2419 1 2427 1 2429 4 2434 1 2455 4 2462 1 2471 4 2478 3 2482 1 2484 8 2495 1 2497 3 2520 1 2522 2 2526 1 2530 1 2532 1 2548 2 2557 4 2566 2 2573 1 2585 1 2591 1 2600 4 2606 6 2613 1 2615 2 2620 2 2631 1 2644 5 2650 2 2653 1 2655 1 2657 1 2663 1 2671 1 2673 1 2677 1 2684 5 2696 1 2702 1 2718 1 2720 1 2728 3 2732 1 2736 5 2742 3 2746 1 2748 1 2750 3 2778 1 2780 1 2782 3 2790 1 2800 1 2804 1 2808 2 2812 5 2821 1 2825 1 2827 1 2830 1 2832 1 2837 1 2839 3 2857 5 2864 1 2866 4 2871 7 2879 3 2903 1 2909 3 2914 1 2916 4 2925 1 2932 2 2940 5 2949 2 2954 1 2960 1 2967 2 2970 1 2972 1 2976 3 2985 3 2991 2 2994 1 2996 3 3000 5 3007 3 3018 3 3032 3 3039 1 3042 1 3044 1 3060 3 3067 6 3085 1 3099 3 3107 1 3117 1 3119 1 3121 2 3126 1 3128 2 3131 1 3143 1 3161 3 3170 1 3173 1 3179 1 3185 1 3194 1 3196 5 3212 1 3214 1 3223 2 3229 1 3232 1 3244 1 3256 2 3259 2 3263 3 3272 1 3297 2 3322 7 3355 1 3380 2 3384 2 3388 2 3391 3 3422 2 3435 1 3450 7 3463 1 3472 1 3480 1 3482 1 3484 1 3504 2 3508 2 3512 3 3517 1 3519 2 3547 1 3550 5 3561 2 3578 1 3581 4 3593 1 3608 2 3633 5 3676 6 3689 3 3705 8 3724 1 3726 1 3762 1 3765 1 3804 4 3810 1 3812 3 3834 7 3962 7 3982 1 4018 1 4020 1 4024 1 4064 1 4093 4 4122 1 4221 4 4318 1 4324 1 4348 5 4377 2 4475 1 4477 4 4506 1 4603 1 4606 3 4728 1 4730 7 4854 5 4860 5 4894 1 4952 2 4958 5 4982 6 4989 4 5030 2 5072 1 5081 1 5085 4 5090 2 5110 11 5131 1 5215 1 5241 1 5245 4 5270 3 5344 2 5347 1 5356 1 5374 3 5468 4 5489 1 5496 9 5534 2 5547 2 5568 1 5595 7 5618 4 5624 9 5661 1 5667 1 5669 1 5696 1 5709 1 5724 2 5747 3 5751 10 5788 2 5792 7 5800 5 5828 1 5833 1 5838 1 5844 3 5848 1 5850 2 5853 2 5874 1 5878 1 5880 9 5919 2 5923 1 5925 1 5927 1 5952 1 5965 1 5969 1 5982 2 5985 3 6007 1 6010 7 6041 2 6046 1 6048 1 6050 3 6054 1 6059 1 6080 2 6092 1 6094 1 6096 1 6107 2 6110 1 6112 5 6132 1 6134 3 6138 5 6144 1 6175 2 6188 1 6193 1 6195 1 6228 1 6231 1 6233 10 6266 1 6269 4 6306 1 6310 2 6316 1 6322 1 6324 1 6326 2 6359 1 6361 4 6366 1 6368 2 6371 1 6392 3 6396 2 6400 1 6451 1 6454 2 6483 1 6490 8 6499 1 6523 1 6525 1 6527 2 6564 1 6570 1 6576 1 6583 1 6585 1 6608 1 6616 1 6618 4 6623 2 6626 2 6648 1 6650 1 6654 1 6656 1 6661 1 6699 1 6703 1 6705 1 6713 1 6743 1 6745 1 6750 2 6755 1 6783 2 6789 2 6794 2 6826 2 6831 2 6835 3 6840 1 6842 2 6862 1 6872 3 6879 1 6882 1 6884 3 6894 1 6908 1 6912 1 6923 1 6925 1 6928 1 6938 1 6946 2 6951 1 6954 1 6956 2 6961 1 6963 3 6967 3 6972 1 6977 1 6980 1 6999 3 7006 5 7012 3 7023 1 7031 3 7035 6 7052 1 7054 6 7063 2 7067 3 7074 3 7082 2 7090 2 7094 1 7098 5 7104 2 7124 1 7128 5 7134 1 7136 1 7140 5 7148 1 7152 1 7158 9 7168 1 7179 1 7181 1 7183 1 7185 1 7192 2 7196 2 7201 3 7220 2 7223 1 7228 1 7230 2 7238 1 7245 1 7255 1 7257 2 7262 4 7275 1 7284 1 7287 1 7290 1 7293 4 7300 1 7308 1 7310 2 7313 1 7316 1 7319 4 7324 3 7342 1 7344 1 7350 1 7352 1 7356 1 7359 4 7364 1 7368 1 7373 1 7384 1 7386 3 7390 5 7402 2 7406 1 7411 2 7421 2 7424 1 7433 1 7444 1 7448 1 7451 1 7453 2 7469 1 7475 1 7477 1 7479 1 7484 2 7493 1 7513 2 7517 3 7533 1 7537 1 7540 2 7545 1 7550 3 7563 1 7574 3 7580 2 7600 1 7608 1 7617 1 7640 2 7644 1 7662 1 7664 2 7679 2 7697 1 7703 1 7710 2 7753 1 7789 1 7795 1 7807 2 7810 1 7818 1 7860 1 7864 1 7867 2 7896 3 7900 1 7902 1 7904 1 7920 1 7924 1 7933 2 7936 1 7962 1 7997 1 8029 1 8039 1 8051 1 8061 4 8068 1 8094 1 8110 1 8114 2 8120 1 8128 1 8160 1 8164 1 8176 1 8180 1 8184 1 8190 1 8192 1 8197 1 8203 1 8205 1 8217 1 8225 1 8245 1 8247 1 8249 1 8259 1 8303 1 8309 1 8316 5 8326 1 8330 1 8346 3 8354 1 8368 2 8372 1 8380 1 8396 1 8410 1 8433 2 8438 2 8442 7 8476 2 8499 1 8505 1 8561 1 8563 1 8572 5 8590 1 8599 2 8608 1 8636 1 8674 1 8691 1 8699 6 8731 1 8769 1 8775 1 8811 1 8817 1 8826 7 8848 1 8888 1 8895 2 8954 7 8969 1 9017 1 9025 1 9081 8 9096 3 9100 1 9144 1 9148 1 9152 1 9182 1 9188 1 9209 8 9229 1 9235 1 9273 1 9277 1 9280 1 9337 8 9394 1 9400 1 9402 1 9406 1 9442 1 9465 8 9534 2 9593 8 9614 1 9724 5 9853 4 9914 1 9978 2 9981 4 10042 1 10050 1 10106 7 10170 1 10173 2 10234 7 10270 1 10298 2 10302 2 10305 1 10321 1 10334 3 10362 2 10365 4 10406 2 10430 1 10449 1 10462 4 10490 7 10519 1 10549 1 10561 1 10593 1 10622 3 10648 1 10720 1 10732 1 10748 1 10752 1 10807 1 10810 1 10848 2 10877 4 10934 2 10944 1 10966 1 10970 1 10972 1 10974 5 10995 2 11000 1 11002 1 11004 5 11022 2 11036 4 11042 1 11047 1 11053 1 11055 1 11064 2 11067 1 11069 1 11071 1 11074 2 11093 1 11095 2 11100 2 11113 1 11119 1 11122 1 11124 2 11127 3 11131 6 11147 2 11159 2 11164 5 11170 3 11174 10 11189 1 11191 2 11195 1 11202 3 11210 1 11221 2 11224 1 11226 2 11247 1 11250 2 11254 5 11261 4 11295 1 11297 1 11302 4 11320 1 11337 1 11339 1 11341 1 11345 1 11355 1 11381 1 11383 1 11385 1 11387 1 11389 4 11422 1 11424 1 11428 1 11433 2 11440 1 11442 1 11468 1 11470 1 11478 1 11482 2 11510 1 11512 1 11514 1 11516 2 11519 2 11553 1 11564 1 11632 2 11642 1 11647 2 11667 1 11682 1 11684 1 11708 1 11724 1 11738 1 11740 2 11763 1 11768 1 11770 1 11772 2 11776 1 11797 1 11801 3 11825 2 11867 1 11869 1 11890 2 11901 1 11903 2 11910 2 11919 4 11924 1 11926 1 11929 1 11932 2 11938 1 11952 1 11962 1 11964 1 11966 1 11974 2 11984 1 11986 2 11991 2 11994 3 11998 1 12002 1 12008 1 12010 1 12016 1 12024 3 12029 4 12036 1 12039 1 12043 1 12048 3 12052 2 12055 1 12058 1 12061 5 12071 1 12076 1 12082 1 12084 1 12086 1 12089 1 12092 1 12094 1 12109 1 12117 1 12121 3 12133 2 12147 5 12154 1 12157 1 12159 2 12165 3 12169 1 12171 1 12176 1 12181 3 12187 1 12194 1 12198 1 12202 1 12207 2 12210 6 12219 1 12224 2 12236 5 12249 3 12255 2 12261 2 12266 1 12268 1 12275 1 12279 4 12284 1 12286 1 12288 1 12294 1 12303 3 12307 1 12310 3 12314 2 12317 1 12319 2 12322 1 12330 1 12335 2 12342 2 12348 2 12352 3 12356 1 12359 1 12363 1 12366 1 12377 2 12381 1 12383 3 12387 1 12390 1 12394 2 12402 2 12406 1 12408 2 12412 5 12418 1 12422 1 12424 1 12428 1 12430 6 12438 6 12445 5 12451 2 12458 2 12461 2 12466 1 12470 3 12477 2 12480 4 12486 1 12490 1 12503 9 12514 1 12516 1 12518 3 12523 2 12530 4 12535 4 12542 3 12549 1 12555 1 12558 3 12562 1 12564 6 12572 2 12575 1 12577 4 12588 2 12594 1 12597 1 12600 2 12603 2 12606 7 12621 2 12631 1 12633 1 12636 1 12638 4 12643 1 12645 2 12648 1 12650 2 12658 1 12660 2 12663 4 12669 4 12683 1 12687 1 12692 1 12694 3 12698 8 12707 1 12709 1 12712 1 12714 1 12718 1 12720 1 12726 1 12728 1 12732 1 12735 7 12744 1 12747 1 12751 2 12759 2 12762 1 12768 3 12773 1 12775 1 12778 7 12786 15 12802 1 12809 1 12813 1 12817 9 12827 4 12832 1 12834 1 12836 1 12844 2 12849 1 12851 1 12853 5 12860 1 12863 1 12865 1 12867 1 12870 2 12888 1 12890 1 12893 1 12895 1 12902 2 12905 2 12909 2 12913 1 12915 2 12918 11 12930 1 12932 1 12940 1 12942 1 12945 1 12947 8 12957 10 12971 1 12973 1 12976 1 12978 2 12982 3 12991 2 12996 1 12998 3 13006 1 13015 2 13018 6 13026 1 13032 1 13034 4 13040 1 13042 3 13046 11 13060 1 13068 2 13073 1 13079 3 13083 2 13086 2 13090 1 13095 1 13100 2 13104 1 13106 2 13109 1 13112 1 13115 3 13122 1 13135 1 13145 1 13147 1 13150 2 13159 1 13161 1 13171 4 13177 1 13179 6 13186 1 13194 2 13205 3 13209 2 13212 3 13216 3 13223 2 13227 2 13231 3 13235 2 13240 1 13243 2 13251 2 13271 9 13293 2 13296 1 13300 6 13307 7 13315 1 13318 2 13335 1 13337 5 13343 1 13346 1 13349 1 13356 1 13358 4 13371 3 13377 1 13384 1 13398 1 13403 2 13421 1 13428 13 13444 3 13451 1 13463 3 13469 5 13477 2 13486 2 13490 1 13492 1 13496 1 13498 1 13503 2 13517 1 13527 2 13530 1 13532 1 13534 1 13536 1 13538 1 13540 1 13556 15 13573 3 13581 1 13585 1 13591 1 13593 3 13597 1 13603 1 13605 4 13611 1 13616 2 13621 1 13623 1 13627 1 13629 1 13633 1 13635 3 13654 4 13665 1 13669 1 13675 1 13679 1 13684 2 13687 10 13710 1 13712 1 13723 4 13728 6 13739 1 13744 3 13748 1 13750 3 13756 2 13761 1 13765 1 13767 2 13770 1 13772 2 13778 1 13782 2 13785 2 13788 1 13792 1 13794 1 13803 2 13809 4 13815 11 13833 1 13837 1 13842 2 13845 1 13849 5 13856 2 13859 3 13875 1 13877 1 13879 1 13881 1 13884 1 13886 1 13891 1 13901 1 13903 1 13906 1 13915 1 13919 1 13921 1 13923 1 13926 1 13931 2 13938 1 13940 1 13943 2 13946 7 13962 2 13973 1 13975 5 13982 1 13984 4 13989 2 13992 1 13996 5 14004 3 14008 1 14010 1 14012 1 14017 2 14027 3 14034 2 14046 3 14050 1 14054 1 14059 1 14061 2 14066 11 14078 4 14083 1 14085 1 14092 1 14097 1 14101 1 14103 7 14111 2 14114 2 14117 1 14126 2 14129 2 14132 1 14134 1 14136 1 14139 2 14145 1 14161 1 14169 1 14171 1 14174 3 14178 5 14187 1 14190 1 14193 1 14196 7 14204 5 14210 2 14224 2 14232 8 14241 8 14251 3 14255 1 14262 1 14264 2 14267 2 14272 2 14276 1 14279 1 14284 1 14293 3 14299 2 14302 1 14304 5 14314 3 14319 18 14339 1 14344 2 14358 4 14363 1 14365 6 14373 1 14378 1 14380 1 14382 2 14386 5 14397 1 14399 1 14401 1 14412 4 14422 3 14426 7 14434 2 14439 1 14443 1 14445 3 14449 16 14470 1 14472 3 14483 2 14486 14 14502 6 14509 2 14512 1 14514 1 14516 2 14520 3 14524 5 14530 1 14534 2 14538 1 14545 1 14549 4 14554 3 14558 7 14566 3 14570 5 14576 1 14578 16 14595 1 14601 1 14613 1 14616 2 14619 15 14636 1 14638 1 14640 3 14646 3 14653 1 14655 4 14660 1 14662 1 14665 2 14668 4 14676 3 14680 3 14684 3 14688 4 14695 1 14697 3 14701 3 14705 16 14732 1 14734 1 14745 22 14770 1 14772 1 14775 2 14788 3 14793 2 14796 3 14805 8 14815 1 14817 4 14824 2 14828 4 14833 17 14869 1 14872 3 14876 1 14878 7 14886 1 14888 1 14891 2 14894 1 14901 2 14904 1 14907 1 14911 1 14915 1 14918 1 14920 2 14926 1 14932 1 14934 4 14940 1 14942 4 14949 3 14953 3 14957 4 14962 15 14990 1 14997 2 15002 17 15022 1 15026 1 15030 1 15032 1 15034 1 15040 1 15045 4 15050 5 15062 3 15066 3 15070 3 15074 1 15076 9 15086 3 15090 1 15092 13 15121 1 15125 1 15127 1 15129 4 15134 11 15149 1 15158 3 15164 2 15172 2 15176 1 15178 2 15181 2 15191 3 15195 1 15199 2 15204 1 15206 2 15209 10 15220 13 15253 20 15275 2 15278 1 15283 1 15285 14 15300 4 15306 1 15317 2 15320 4 15325 16 15343 18 15381 1 15383 2 15386 13 15400 1 15402 1 15404 1 15409 1 15412 3 15416 1 15418 3 15422 2 15425 1 15432 2 15436 2 15445 2 15448 1 15450 2 15454 2 15458 3 15462 1 15464 8 15474 4 15479 5 15485 4 15504 1 15506 1 15511 2 15514 13 15531 2 15534 5 15540 15 15557 8 15566 2 15569 2 15573 24 15599 14 15614 3 15630 4 15639 8 15648 11 15660 1 15662 1 15664 2 15667 1 15670 1 15672 1 15674 9 15684 1 15686 3 15690 1 15695 2 15698 1 15701 2 15704 1 15706 1 15708 3 15712 1 15714 4 15720 2 15723 4 15728 5 15734 11 15755 1 15759 4 15767 5 15773 6 15780 6 15787 1 15789 7 15797 11 15810 2 15815 4 15820 1 15823 5 15829 1 15831 12 15844 6 15851 4 15856 5 15862 3 15866 9 15885 1 15894 2 15897 1 15899 1 15901 7 15909 5 15916 5 15922 1 15924 3 15928 3 15932 1 15935 3 15939 1 15943 4 15949 2 15952 2 15957 2 15960 1 15962 3 15966 9 15976 8 15985 1 15987 2 15991 2 15994 1 15998 3 16013 2 16024 1 16031 2 16034 1 16036 8 16045 2 16048 7 16056 3 16064 1 16066 5 16073 3 16080 3 16087 26 16116 1 16122 1 16124 6 16131 3 16136 1 16139 3 16145 1 16147 6 16155 12 16168 2 16171 4 16176 1 16178 1 16180 15 16196 13 16210 1 16212 7 16220 1 16222 35 16258 1 16260 1 16262 3 16266 4 16271 1 16274 3 16278 11 16290 7 16298 1 16300 3 16304 1 16306 3 16310 7 16318 1 16320 3 16324 33 16358 25
1058-4,3 1 5 1 7 1 9 3 13 3 17 1 19 1 21 1 23 1 25 3 31 3 38 2 41 3 45 2 49 1 55 1 57 1 59 1 61 1 63 1 65 1 67 1 69 1 72 2 75 1 77 1 79 5 85 3 89 1 96 2 99 1 101 1 103 1 105 1 107 1 109 1 111 9 121 2 125 1 129 1 131 6 138 1 142 4 147 2 152 3 159 2 165 2 168 2 184 1 195 2 203 2 207 6 224 1 234 8 245 3 249 1 251 2 257 23 281 10 292 1 294 2 297 3 302 2 307 5 313 3 317 1 319 1 321 3 325 1 327 5 334 6 341 3 345 1 352 2 359 1 361 10 372 7 385 22 408 3 413 2 417 1 423 1 429 4 435 7 444 6 455 1 464 4 469 1 478 7 488 6 496 2 499 1 501 1 503 1 505 1 507 1 513 17 531 1 534 1 537 7 546 3 552 1 554 2 558 2 564 1 566 4 575 1 579 8 590 3 594 3 598 1 608 4 615 1 617 11 629 1 631 3 641 4 646 12 662 1 668 1 671 2 686 2 694 3 707 4 713 3 719 4 724 1 726 2 738 3 744 1 747 2 750 7 769 3 783 3 801 1 814 1 834 4 839 1 841 3 848 4 854 1 873 1 875 9 885 2 897 2 906 1 912 1 916 1 931 1 942 1 947 1 961 1 963 3 970 1 973 1 975 1 977 2 1004 1 1006 3 1012 1 1014 1 1025 3 1040 2 1057 1 1062 1 1064 1 1066 1 1070 2 1090 6 1098 3 1102 3 1106 3 1110 1 1122 1 1131 1 1133 6 1142 2 1148 1 1153 3 1162 1 1167 4 1174 1 1177 2 1182 1 1187 1 1192 2 1199 1 1211 1 1214 1 1218 7 1226 4 1234 2 1251 1 1256 1 1261 7 1270 2 1281 2 1284 1 1290 2 1296 1 1298 1 1307 1 1316 1 1326 1 1330 1 1349 2 1352 2 1357 7 1366 1 1384 1 1390 6 1399 2 1409 3 1426 2 1449 1 1457 1 1473 1 1479 3 1486 8 1517 4 1523 2 1537 5 1544 2 1549 1 1555 1 1560 1 1566 1 1574 1 1584 1 1586 1 1608 1 1615 8 1648 1 1651 1 1653 1 1660 1 1665 1 1667 1 1673 3 1677 1 1697 1 1703 2 1709 1 1711 1 1738 1 1744 4 1751 1 1759 1 1779 1 1781 3 1793 6 1803 1 1806 1 1814 1 1818 1 1830 1 1833 3 1838 1 1840 2 1860 2 1867 1 1870 9 1900 1 1903 1 1906 1 1909 1 1912 1 1921 3 1925 1 1927 1 1929 1 1938 2 1962 4 1967 1 1981 1 1994 2 2000 8 2009 1 2030 2 2037 5 2049 7 2057 2 2061 3 2066 1 2070 1 2074 1 2080 1 2082 1 2084 1 2086 1 2091 1 2095 1 2098 1 2106 1 2116 1 2120 1 2122 1 2124 1 2126 11 2144 1 2155 1 2158 2 2162 1 2166 3 2170 1 2172 1 2177 7 2185 1 2189 1 2195 1 2200 1 2203 1 2206 2 2214 2 2217 3 2223 1 2227 1 2235 1 2237 1 2242 1 2248 3 2254 9 2275 1 2281 1 2284 1 2291 1 2299 1 2305 2 2308 1 2310 2 2313 8 2322 4 2329 5 2336 8 2347 3 2354 3 2358 2 2361 2 2364 1 2366 5 2372 4 2378 14 2401 1 2404 1 2406 1 2409 4 2414 3 2418 1 2420 7 2428 1 2433 1 2435 2 2438 2 2441 5 2447 8 2459 3 2463 8 2475 3 2481 1 2483 1 2492 3 2500 4 2505 15 2525 1 2528 2 2531 1 2534 14 2550 7 2561 5 2568 3 2574 10 2587 4 2592 8 2604 2 2612 1 2614 1 2618 1 2622 6 2629 2 2632 12 2649 1 2652 1 2654 1 2656 1 2658 5 2664 7 2672 1 2674 3 2678 6 2689 7 2700 2 2703 9 2713 5 2719 1 2721 7 2731 1 2733 3 2747 1 2754 22 2777 1 2779 1 2786 3 2793 7 2801 3 2805 3 2810 2 2817 4 2822 3 2828 1 2833 4 2838 1 2842 15 2862 2 2865 1 2870 1 2882 1 2884 19 2904 5 2912 1 2921 4 2926 6 2934 6 2945 4 2951 3 2955 1 2957 2 2961 6 2973 3 2979 6 2988 3 2993 1 2995 1 3005 2 3010 8 3021 11 3035 4 3045 1 3047 13 3063 4 3073 6 3080 3 3084 1 3086 2 3089 7 3097 2 3102 5 3108 9 3118 1 3120 1 3123 3 3130 1 3132 1 3134 3 3138 5 3144 17 3164 4 3172 1 3174 5 3180 5 3186 8 3195 1 3201 11 3213 1 3215 8 3225 3 3230 2 3233 11 3245 11 3261 2 3266 6 3273 24 3299 1 3301 21 3329 13 3343 9 3353 2 3356 24 3382 2 3386 2 3390 1 3394 28 3424 2 3427 8 3436 14 3457 6 3464 8 3473 3 3477 3 3481 1 3483 1 3485 19 3507 1 3510 2 3515 2 3522 25 3548 2 3555 1 3557 3 3563 1 3565 13 3579 2 3585 8 3594 14 3610 23 3638 38 3682 7 3692 13 3713 5 3719 1 3721 3 3725 1 3727 35 3763 2 3766 2 3769 35 3809 1 3811 1 3815 1 3817 17 3841 50 3892 70 3969 13 3983 35 4019 1 4021 3 4026 38 4065 28 4097 25 4123 98 4225 93 4319 5 4325 23 4353 24 4379 96 4476 1 4481 25 4507 96 4604 2 4609 119 4729 1 4737 117 4859 1 4865 29 4895 57 4954 4 4963 19 4988 1 4993 37 5032 40 5073 8 5082 3 5092 18 5121 10 5132 83 5216 25 5242 3 5249 21 5273 71 5346 1 5348 8 5357 17 5377 91 5472 17 5490 6 5505 29 5536 11 5549 19 5569 26 5602 16 5622 2 5633 28 5662 5 5668 1 5670 26 5697 12 5710 14 5726 21 5750 1 5761 27 5790 2 5805 23 5829 4 5834 4 5839 5 5847 1 5849 1 5852 1 5855 19 5875 3 5879 1 5889 30 5921 2 5924 1 5926 1 5928 1 5930 2 5933 19 5953 12 5966 3 5970 12 5984 1 5988 19 6008 2 6017 24 6043 3 6047 1 6049 1 6053 1 6055 4 6060 20 6082 10 6093 1 6097 10 6109 1 6111 1 6117 15 6133 1 6145 30 6177 10 6189 4 6194 1 6196 32 6229 2 6232 1 6243 23 6268 1 6273 5 6279 27 6307 3 6312 4 6317 3 6328 31 6360 1 6372 20 6395 1 6399 1 6401 50 6452 2 6456 27 6484 6 6498 1 6500 23 6524 1 6526 1 6529 35 6565 5 6571 5 6577 6 6584 1 6586 22 6609 7 6617 1 6622 1 6629 19 6649 1 6651 2 6657 4 6662 37 6700 1 6702 1 6704 1 6706 7 6714 29 6746 1 6748 1 6753 2 6756 27 6785 3 6791 3 6796 2 6799 1 6801 25 6828 3 6833 2 6838 2 6844 18 6863 9 6875 1 6878 1 6881 1 6883 1 6887 7 6895 13 6909 2 6913 6 6920 2 6924 1 6926 2 6929 9 6939 7 6948 3 6952 2 6958 3 6962 1 6966 1 6970 2 6973 4 6978 2 6981 18 7002 4 7011 1 7015 8 7024 7 7034 1 7041 10 7060 3 7065 1 7070 4 7077 5 7084 2 7087 3 7092 2 7095 3 7103 1 7106 18 7125 3 7133 1 7135 1 7137 3 7145 3 7149 3 7153 5 7169 10 7180 1 7182 1 7184 1 7186 6 7194 2 7198 3 7204 16 7222 1 7224 4 7229 1 7232 6 7239 6 7246 9 7256 1 7259 3 7266 9 7276 5 7282 2 7285 2 7288 2 7291 2 7297 3 7301 7 7309 1 7314 2 7317 2 7323 1 7327 3 7333 9 7343 1 7345 3 7351 1 7353 3 7357 2 7363 1 7365 3 7369 4 7374 10 7385 1 7389 1 7395 7 7407 3 7413 8 7425 8 7434 10 7445 3 7449 2 7452 1 7456 3 7460 9 7470 5 7476 1 7478 1 7480 4 7486 4 7491 2 7494 19 7515 2 7520 1 7522 11 7534 3 7538 1 7542 3 7546 4 7553 10 7564 10 7577 3 7582 18 7601 7 7609 8 7618 22 7642 2 7645 17 7663 1 7667 12 7681 10 7692 5 7698 5 7704 6 7712 41 7754 21 7776 5 7782 7 7790 5 7796 11 7809 1 7811 5 7817 1 7819 3 7823 9 7833 3 7837 23 7862 2 7865 2 7869 3 7873 7 7881 15 7899 1 7901 1 7903 1 7905 4 7910 10 7921 3 7925 8 7937 10 7949 13 7963 1 7965 19 7985 4 7990 7 7998 6 8005 24 8030 9 8040 6 8047 4 8052 9 8065 3 8069 1 8071 1 8073 2 8076 11 8089 1 8091 2 8095 15 8111 1 8113 1 8122 3 8126 1 8130 30 8161 3 8165 2 8169 7 8177 2 8183 1 8185 4 8193 4 8198 5 8204 1 8206 11 8218 7 8226 19 8246 1 8248 1 8250 9 8260 35 8296 7 8304 5 8310 6 8321 5 8328 2 8331 11 8343 3 8349 5 8355 13 8370 2 8373 1 8375 5 8381 15 8397 13 8411 22 8435 3 8440 2 8449 27 8478 21 8500 5 8506 55 8562 1 8564 8 8577 13 8591 8 8601 7 8609 27 8637 37 8675 15 8692 7 8705 26 8732 37 8770 5 8776 35 8812 5 8818 8 8833 15 8849 39 8889 6 8898 32 8931 23 8961 8 8970 47 9018 7 9026 55 9089 7 9099 1 9101 1 9103 41 9145 3 9149 3 9153 29 9183 5 9189 20 9217 12 9230 5 9236 37 9274 3 9278 1 9281 56 9345 13 9359 35 9395 5 9403 2 9407 35 9443 22 9473 61 9536 57 9601 13 9615 109 9729 124 9857 57 9915 63 9980 1 9985 57 10043 7 10051 55 10113 57 10171 2 10175 59 10241 29 10271 27 10300 2 10304 1 10306 15 10322 12 10337 25 10364 1 10369 37 10408 13 10422 8 10431 18 10450 12 10466 24 10497 10 10508 11 10520 29 10550 1 10552 9 10562 31 10594 28 10625 12 10638 10 10649 71 10721 11 10733 15 10749 2 10753 54 10808 2 10811 37 10850 27 10881 52 10936 8 10945 20 10967 2 10979 16 10997 3 11001 1 11003 1 11009 13 11024 12 11040 2 11043 4 11048 5 11054 1 11056 8 11066 1 11068 1 11070 1 11072 2 11076 17 11094 1 11097 2 11102 11 11114 5 11120 2 11126 1 11130 1 11137 10 11149 10 11161 3 11173 1 11184 5 11190 1 11193 2 11196 6 11205 4 11211 10 11223 1 11225 1 11228 19 11248 2 11252 2 11260 1 11265 30 11296 1 11298 3 11306 14 11321 16 11338 1 11340 1 11342 3 11346 6 11353 2 11356 25 11384 1 11386 1 11388 1 11393 29 11423 1 11425 3 11429 4 11435 5 11441 1 11443 25 11469 1 11471 7 11479 3 11484 26 11511 1 11513 1 11515 1 11518 1 11521 30 11552 1 11554 5 11560 4 11565 46 11612 20 11634 8 11643 4 11649 18 11668 10 11679 3 11683 1 11685 1 11687 21 11709 15 11725 13 11739 1 11742 21 11764 4 11769 1 11771 1 11774 2 11777 20 11798 3 11804 21 11827 40 11868 1 11870 19 11892 9 11902 1 11905 5 11912 7 11923 1 11927 2 11930 2 11934 2 11937 1 11939 1 11941 1 11943 9 11954 7 11963 1 11967 7 11976 6 11983 1 11985 1 11988 3 11993 1 11999 3 12003 1 12005 3 12009 1 12011 5 12018 6 12027 2 12033 3 12037 2 12040 3 12044 4 12054 1 12056 1 12059 2 12068 1 12070 1 12072 3 12077 4 12085 1 12087 2 12093 1 12096 13 12110 1 12112 5 12118 1 12124 9 12136 11 12155 2 12158 1 12161 3 12168 1 12170 1 12172 4 12185 1 12191 2 12201 1 12205 1 12209 1 12220 4 12226 10 12241 6 12252 3 12257 4 12263 2 12267 1 12269 6 12283 1 12289 5 12296 1 12298 2 12306 1 12308 1 12318 1 12321 1 12323 2 12326 1 12328 2 12331 2 12334 1 12338 1 12340 1 12346 2 12350 2 12355 1 12357 2 12360 3 12364 1 12367 8 12379 2 12382 1 12386 1 12388 2 12391 3 12396 6 12410 2 12417 1 12419 3 12423 1 12426 2 12436 2 12450 1 12454 4 12460 1 12464 2 12479 1 12484 1 12487 3 12491 4 12496 7 12521 2 12525 3 12534 1 12539 3 12545 4 12550 1 12552 3 12556 1 12570 2 12574 1 12576 1 12581 7 12590 1 12592 2 12602 1 12613 2 12616 5 12623 8 12634 1 12642 1 12644 1 12652 3 12656 1 12659 1 12662 1 12668 1 12673 1 12675 1 12677 2 12680 3 12685 1 12706 1 12710 2 12715 3 12721 4 12730 1 12742 2 12745 2 12748 3 12753 6 12764 3 12771 2 12774 1 12776 2 12801 1 12803 6 12810 2 12814 3 12826 1 12833 1 12837 7 12846 3 12850 1 12852 1 12858 2 12861 2 12864 1 12868 2 12872 5 12878 9 12891 2 12896 6 12904 1 12908 1 12911 1 12914 1 12917 1 12929 1 12931 1 12933 3 12943 1 12946 1 12955 1 12967 4 12972 1 12977 1 12985 6 12994 2 12997 1 13001 5 13007 8 13017 1 13024 1 13027 5 13033 1 13038 2 13045 1 13058 2 13061 2 13064 4 13070 3 13074 5 13082 1 13085 1 13088 2 13091 4 13096 4 13102 2 13108 1 13110 2 13113 2 13118 4 13124 1 13126 9 13136 8 13146 1 13152 7 13160 1 13162 3 13166 5 13175 2 13178 1 13185 1 13188 4 13193 1 13196 9 13215 1 13219 4 13225 2 13229 1 13237 3 13241 2 13245 6 13253 18 13280 13 13295 1 13297 3 13306 1 13314 1 13316 2 13320 1 13322 5 13328 7 13336 1 13344 2 13348 1 13350 5 13363 2 13366 5 13374 3 13378 6 13385 13 13400 1 13402 1 13406 1 13408 7 13416 5 13422 5 13441 3 13447 1 13449 2 13452 11 13467 2 13474 3 13479 6 13488 2 13491 1 13494 2 13497 1 13499 4 13506 11 13518 9 13531 1 13537 1 13539 1 13541 14 13571 2 13576 3 13580 1 13582 3 13586 5 13592 1 13596 1 13598 5 13604 1 13609 2 13612 3 13618 1 13620 1 13622 1 13624 3 13628 1 13630 3 13634 1 13638 7 13646 8 13660 1 13662 3 13666 3 13670 5 13676 3 13680 1 13682 2 13686 1 13697 1 13699 1 13701 1 13704 2 13708 1 13711 1 13713 8 13722 1 13727 1 13734 5 13740 4 13749 1 13753 3 13758 3 13762 3 13766 1 13769 1 13774 4 13779 3 13784 1 13790 2 13795 8 13805 4 13813 2 13826 7 13834 1 13836 1 13838 1 13840 1 13844 1 13846 3 13854 2 13858 1 13862 13 13876 1 13878 1 13880 1 13882 2 13887 4 13892 7 13900 1 13902 1 13904 2 13908 3 13912 3 13916 1 13918 1 13920 1 13922 1 13924 2 13927 4 13933 5 13942 1 13953 5 13959 1 13961 1 13966 7 13974 1 13981 1 13988 1 13991 1 13993 3 14001 3 14011 1 14013 4 14019 8 14030 4 14036 10 14049 1 14051 3 14055 4 14060 1 14063 3 14082 1 14084 1 14086 3 14090 1 14094 1 14096 1 14098 1 14100 1 14102 1 14110 1 14113 1 14116 1 14118 8 14128 1 14137 2 14142 3 14146 1 14148 9 14158 3 14162 7 14170 1 14172 2 14183 4 14188 2 14191 2 14194 1 14209 1 14212 8 14221 1 14223 1 14226 5 14240 1 14249 2 14254 1 14256 4 14263 1 14269 3 14274 2 14277 2 14280 4 14285 8 14296 3 14301 1 14303 1 14309 5 14317 2 14337 2 14340 4 14346 12 14362 1 14364 1 14371 2 14374 3 14384 1 14391 1 14394 3 14398 1 14400 1 14402 7 14410 2 14416 6 14433 1 14436 1 14438 1 14440 3 14444 1 14448 1 14465 5 14471 1 14475 3 14479 4 14500 1 14518 2 14531 3 14536 2 14539 6 14546 3 14575 1 14577 1 14594 1 14596 5 14602 11 14614 2 14618 1 14644 2 14650 3 14654 1 14661 1 14663 2 14672 4 14692 1 14694 1 14696 1 14700 1 14704 1 14721 11 14733 1 14735 10 14767 2 14771 1 14773 2 14778 1 14780 8 14791 2 14795 1 14799 6 14813 2 14816 1 14822 1 14826 2 14832 1 14850 19 14870 2 14890 1 14896 5 14903 1 14906 1 14908 3 14912 3 14916 1 14922 1 14924 1 14928 4 14933 1 14939 1 14946 3 14952 1 14956 1 14977 13 14991 6 14999 3 15019 2 15023 3 15027 3 15031 1 15035 5 15041 4 15055 7 15069 1 15073 1 15075 1 15085 1 15105 16 15122 3 15126 1 15128 1 15145 2 15148 1 15150 1 15152 6 15162 2 15166 6 15174 1 15177 1 15180 1 15183 6 15190 1 15194 1 15196 3 15202 1 15208 1 15233 20 15273 2 15277 1 15279 4 15284 1 15299 1 15304 2 15307 10 15324 1 15341 2 15361 20 15382 1 15399 1 15401 1 15406 3 15410 1 15421 1 15424 1 15426 3 15430 1 15434 1 15438 7 15452 1 15456 1 15472 1 15478 1 15484 1 15489 15 15505 1 15507 4 15513 1 15527 4 15539 1 15555 2 15568 1 15571 2 15597 2 15613 1 15617 13 15634 5 15666 1 15668 1 15685 1 15693 2 15700 1 15722 1 15727 1 15733 1 15745 5 15751 4 15756 3 15763 4 15772 1 15779 1 15786 1 15796 1 15808 2 15812 3 15821 2 15828 1 15850 1 15855 1 15861 1 15865 1 15875 10 15886 8 15896 1 15898 1 15900 1 15908 1 15914 1 15923 1 15933 2 15938 1 15940 3 15947 2 15951 1 15954 3 15984 1 15986 1 15989 2 15993 1 15995 3 16001 11 16015 9 16025 6 16033 1 16035 1 16059 5 16065 1 16071 2 16076 4 16083 4 16113 3 16117 5 16123 1 16130 1 16134 2 16142 3 16146 1 16154 1 16257 1 16270 1 16272 2
1058-5,551 1 587 1 637 1 731 1 803 1 805 1 809 1 847 1 853 1 859 1 889 1 903 1 907 1 979 1 1035 1 1039 1 1083 1 1113 1 1157 1 1161 1 1201 1 1245 1 1289 1 1319 1 1321 1 1327 1 1401 1 1417 1 1433 1 1447 1 1463 1 1475 1 1505 1 1507 1 1509 1 1575 1 1577 1 1591 1 1607 1 1635 1 1641 1 1655 1 1671 1 1685 1 1707 1 1725 1 1737 1 1741 1 1763 1 1767 1 1859 1 1895 1 1915 1 1941 1 1973 1 2015 1 2139 1 2163 1 2243 1 2287 1 2831 1 2913 1 2959 1 3079 1 3083 1 3096 1 3127 1 3169 1 6625 1 7051 1 7331 1 7349 1 7410 1 8125 1 8127 1 9279 1 11551 1 12051 1 12111 1 12135 1 12199 1 12285 1 12313 1 12325 1 12327 1 12429 1 12467 1 12485 1 12596 1 12679 1 12939 1 13187 1 13835 1 13839 1 13841 1 13917 1 13958 1 14091 1 14135 1 14177 1 16261 1 16289 1 16299 1
1058-6,
1058-7,2 1 35 3 51 1 78 1 91 1 93 1 123 1 127 1 156 1 162 1 164 1 167 1 170 1 174 1 182 1 198 1 202 1 206 1 214 1 216 1 218 5 226 1 242 1 244 1 248 1 250 1 253 4 291 1 293 1 301 1 305 1 333 1 340 1 346 4 351 1 355 1 357 1 371 1 379 4 407 1 411 1 415 1 418 2 421 2 424 1 426 3 433 1 442 1 450 2 453 2 458 2 462 1 470 2 473 5 485 3 494 1 500 1 504 1 508 1 510 2 532 2 535 1 549 2 556 2 570 4 577 1 588 1 593 1 597 1 599 8 612 3 616 1 628 1 630 1 634 3 638 3 659 3 663 3 667 1 669 1 673 1 675 4 680 1 692 2 697 1 699 1 701 1 711 1 716 1 725 1 728 1 730 1 732 2 741 1 745 1 749 1 757 1 761 1 763 3 767 1 772 2 786 7 794 4 804 1 807 2 811 1 813 1 819 1 827 3 840 1 844 3 852 1 855 4 861 1 868 2 871 2 884 1 887 2 890 5 896 1 899 4 908 1 911 1 913 1 915 1 917 3 921 5 927 1 929 1 932 5 938 2 948 3 952 1 955 1 957 1 959 1 968 2 971 1 974 1 976 1 982 6 989 1 991 7 999 1 1001 1 1003 1 1005 1 1009 1 1011 1 1013 1 1015 9 1028 1 1031 1 1042 11 1059 3 1067 3 1073 2 1081 2 1084 1 1096 2 1101 1 1109 1 1111 2 1114 4 1123 2 1126 4 1132 1 1139 3 1144 4 1150 1 1156 1 1158 1 1163 2 1166 1 1171 3 1175 2 1179 3 1186 1 1188 1 1190 2 1195 2 1198 1 1204 2 1208 1 1210 1 1212 2 1225 1 1230 3 1236 3 1240 5 1248 1 1250 1 1252 1 1254 2 1257 1 1259 2 1268 2 1272 9 1283 1 1285 1 1287 1 1292 1 1294 2 1299 5 1305 1 1308 4 1315 1 1317 2 1320 1 1322 1 1325 1 1329 1 1331 1 1335 2 1340 2 1345 1 1354 3 1367 3 1372 2 1376 3 1380 3 1385 4 1396 3 1402 5 1412 5 1418 4 1424 2 1428 5 1434 1 1436 2 1442 2 1445 1 1458 3 1462 1 1464 1 1466 1 1469 1 1472 1 1474 1 1478 1 1482 4 1494 2 1499 6 1506 1 1508 1 1510 1 1512 5 1522 1 1525 5 1531 3 1535 1 1542 2 1546 1 1548 1 1556 1 1558 1 1561 1 1563 2 1572 1 1576 1 1579 2 1582 1 1585 1 1587 2 1595 1 1611 3 1624 2 1627 6 1636 1 1644 2 1649 1 1652 1 1654 1 1657 2 1661 2 1664 1 1666 1 1668 2 1678 1 1680 1 1684 1 1686 1 1688 4 1698 1 1700 2 1705 2 1708 1 1710 1 1713 1 1716 2 1719 1 1722 1 1724 1 1732 1 1735 2 1740 1 1742 1 1750 1 1752 1 1754 5 1761 2 1764 3 1768 3 1772 1 1778 1 1780 1 1784 4 1789 1 1791 1 1799 2 1804 1 1807 1 1811 1 1819 1 1829 1 1831 1 1836 1 1839 1 1844 1 1858 1 1883 4 1893 1 1904 1 1913 1 1916 2 1928 1 1930 1 1945 1 1961 1 1969 4 1974 1 1978 1 1980 1 1982 1 1987 1 1992 2 2008 1 2011 4 2016 1 2019 7 2028 2 2045 1 2047 1 2056 1 2059 1 2064 1 2092 1 2094 1 2097 1 2105 1 2114 2 2121 1 2140 2 2143 1 2147 2 2150 1 2156 2 2188 1 2190 1 2192 1 2198 1 2212 1 2222 1 2226 1 2228 1 2231 1 2234 1 2266 1 2276 1 2278 1 2280 1 2282 1 2292 1 2307 1 2312 1 2326 1 2334 1 2396 1 2399 1 2403 1 2437 1 2440 1 2446 1 2496 1 2504 1 2524 1 2527 1 2533 1 2571 2 2584 1 2586 1 2619 1 2628 1 2698 2 2712 1 2749 1 2753 1 2776 1 2789 1 2792 1 2826 1 2829 1 2878 1 2883 1 2915 1 2920 1 2956 1 2969 1 3040 1 3043 1 3046 1 3088 1 3133 1 3137 1 3168 1 3171 1 3228 1 3258 1 3300 1 3342 1 3352 1 3426 1 3476 1 3506 1 3518 1 3556 1 3560 1 3564 1 3718 1 3720 1 3768 1 3808 1 3816 1 3891 1 5932 1 6187 1 6278 1 6320 1 6370 1 6398 1 6628 1 6701 1 6744 1 6752 1 6788 1 6798 1 6800 1 6876 1 6880 1 6911 1 6919 1 6922 1 6955 1 7066 1 7086 1 7167 1 7281 1 7312 1 7330 1 7332 1 7348 1 7404 2 7423 1 7459 1 7490 1 7521 1 7666 1 7691 1 7775 1 7781 1 7816 1 7822 1 7832 1 7836 1 7861 1 7872 1 7880 1 7909 1 7935 1 7947 2 7964 1 7984 1 7989 1 8004 1 8046 1 8070 1 8072 1 8075 1 8087 2 8090 1 8093 1 8112 1 8116 4 8121 1 8129 1 8167 2 8179 1 8181 2 8189 1 8191 1 8295 1 8342 1 8374 1 8690 1 8930 1 9102 1 9358 1 10751 1 11301 1 11559 1 11686 1 11925 1 11936 1 11940 1 11942 1 11965 1 11982 1 12004 1 12057 1 12066 2 12069 1 12075 1 12081 1 12083 1 12090 1 12119 2 12152 1 12164 1 12177 4 12184 1 12186 1 12188 3 12195 3 12200 1 12203 2 12206 1 12216 1 12218 1 12247 2 12265 1 12276 1 12278 1 12287 1 12295 1 12297 1 12300 3 12316 1 12333 1 12344 2 12375 1 12407 1 12425 1 12444 1 12453 1 12468 1 12474 1 12476 1 12495 1 12512 1 12517 1 12528 1 12551 1 12557 1 12615 1 12632 1 12674 1 12676 1 12684 1 12686 1 12688 1 12690 1 12708 1 12734 1 12812 1 12866 1 12936 1 12938 1 12941 1 12944 1 12956 1 12980 1 12993 1 13057 1 13123 1 13192 1 13208 1 13230 1 13234 1 13327 1 13448 1 13466 1 13505 1 13579 1 13698 1 13700 1 13702 1 13706 1 13709 1 13960 1 13964 1 13980 1 14009 1 14093 1 14095 1 14099 1 14141 1 14220 1 14222 1 14231 1 14260 1 14266 1 14392 1 14478 1 14508 1 15750 1 15788 1 15830 1 16012 1 16044 1 16137 2 16170 1 16195 1 16259 1 16265 1 16277 1 16297 1 16303 1 16305 1 16309 1 16317 1 16319 1 16323 1 16357 1 16383 1
1058-15,
4382-20,1889 1 3391 1 5139 1 5519 1 6391 1 6393 1 7435 1 7953 1 7995 1 8031 1 8159 1 8216 1 8413 1 8457 1 8461 1 8673 1 9025 1 9075 1 9095 1 9115 1 9147 1 9357 1 9365 1 9485 1 9487 1 10125 1 10127 1 10169 1 10247 1 10257 1 10299 1 10373 1 10377 1 10417 1 10459 1 10499 1 10505 1 10765 1 10767 1 10889 1 10897 1 10933 1 10935 1 10937 1 10939 1 10971 1 10973 1 10977 1 10981 1 11015 1 11067 1 11157 1 11159 1 11165 1 11167 1 11173 1 11177 1 11280 1 11537 1 11783 1 11795 1 11867 1 11911 1 11913 1 11955 1 12047 1 12051 1 12165 1 12170 1 12179 1 12263 1 12298 1 12301 1 12357 1 12407 1 12421 1 12443 1 12507 1 12547 1 12555 1 12561 1 12563 1 12565 1 12571 1 12573 1 12681 1 12701 1 12777 1 12805 3 12811 1 12823 1 12825 1 12848 1 12905 1 12939 1 12941 1 12947 1 12953 1 12969 1 13033 1 13041 1 13059 1 13065 1 13073 1 13077 1 13199 1 13201 1 13241 1 13245 1 13291 1 13321 1 13323 1 13325 1 13328 2 13371 1 13407 1 13415 1 13450 1 13545 1 13583 1 13587 1 13625 1 13701 1 13753 1 13838 1 13842 1 13851 1 13918 1 13979 1 14001 1 14041 1 14083 1 14087 1 14089 1 14097 1 14129 1 14141 1 14173 1 14181 1 14213 1 14217 1 14221 1 14303 1 14359 1 14395 1 14437 1 14443 1 14445 1 14491 1 14513 1 14515 1 14517 1 14533 1 14555 1 14557 1 14559 1 14561 1 14615 1 14635 1 14639 1 14641 1 14643 1 14647 1 14677 1 14681 1 14687 1 14871 1 14887 1 14903 1 14931 1 14937 1 14939 1 14945 1 15157 1 15199 1 15211 1 15321 1 15323 1 15395 1 15401 1 15447 1 15469 1 15533 1 15551 1 15561 1 15569 1 15577 1 15579 1 15593 1 15597 1 15639 1 15655 1 15665 1 15673 1 15675 1 15677 1 15689 1 15721 1 15803 1 15823 1 15837 1 15899 1 16027 1 16037 1 16077 1 16147 1 16206 1 16265 1 16323 1
4382-1,3039 1 4109 1 8205 1 10515 1 11277 1 11283 1 12039 1 12335 1 12349 1 12431 1 12949 1 13331 1 13579 1 13623 1 13837 1 13919 1 14099 1 14195 1 14343 1 14471 1 14645 1 14891 1 15193 1 15413 1 15719 1 15727 1 15921 1
4382-2,62 1 94 1 96 1 98 1 100 1 128 1 255 2 384 1 408 1 640 1 768 1 1024 1 1118 1 1152 1 1280 1 1376 1 1378 1 1381 1 1408 1 1467 1 1504 1 1506 1 1509 1 1535 2 1626 1 1630 3 1634 1 1662 1 1664 1 1679 1 1685 2 1720 2 1726 1 1729 1 1754 1 1758 1 1760 5 1771 2 1791 2 1803 1 1809 1 1839 1 1851 1 1854 1 1879 1 1881 1 1884 5 1894 2 1897 1 1917 1 1920 1 1940 2 1967 2 1974 1 1982 1 2009 3 2014 4 2025 1 2027 2 2045 1 2047 2 2063 1 2070 1 2075 1 2105 1 2109 1 2115 1 2139 1 2142 1 2145 1 2147 1 2149 1 2153 1 2156 1 2159 1 2161 1 2176 1 2200 1 2204 1 2226 1 2234 1 2239 1 2242 1 2264 1 2268 3 2272 1 2276 1 2300 5 2325 1 2327 1 2329 1 2351 1 2369 1 2393 1 2398 2 2428 2 2431 2 2527 1 2530 1 2559 2 2585 1 2627 1 2653 1 2655 3 2659 1 2669 1 2684 3 2688 1 2699 1 2706 1 2735 2 2776 1 2785 2 2790 1 2814 3 2823 1 2825 1 2828 1 2839 1 2865 1 2869 1 2881 1 2885 1 2906 2 2910 1 2915 1 2927 1 2944 1 2953 1 2955 1 2958 1 2960 1 3000 1 3004 1 3015 3 3036 3 3044 3 3055 1 3057 3 3071 2 3081 1 3084 1 3087 1 3128 2 3137 1 3167 1 3169 3 3191 1 3200 1 3206 1 3214 2 3248 1 3257 2 3262 1 3264 1 3266 1 3272 1 3277 1 3288 1 3292 2 3300 1 3302 1 3304 2 3319 1 3327 2 3341 1 3359 1 3383 2 3392 1 3401 1 3423 1 3425 1 3427 1 3456 1 3478 1 3480 1 3510 3 3522 1 3532 1 3552 1 3564 1 3566 1 3573 1 3583 2 3599 1 3605 1 3641 1 3683 1 3697 1 3712 1 3718 1 3722 1 3726 1 3736 1 3758 1 3766 1 3770 1 3778 1 3802 1 3812 1 3814 1 3822 1 3831 2 3839 2 3850 1 3856 2 3867 1 3869 1 3891 1 3894 1 3899 1 3904 1 3934 1 3940 2 3946 4 3968 1 3978 3 3988 1 3992 1 3998 1 4029 2 4037 1 4039 1 4062 1 4064 1 4070 3 4079 1 4096 1 4159 1 4201 1 4224 1 4288 1 4320 3 4351 2 4371 1 4442 2 4448 1 4450 1 4480 1 4571 1 4578 2 4607 2 4696 2 4700 1 4704 2 4730 7 4793 1 4824 2 4827 2 4830 1 4832 2 4858 7 4871 1 4879 2 4913 1 4927 1 4950 1 4955 1 4957 3 4965 1 4985 8 4994 1 5007 1 5040 1 5045 1 5078 4 5086 3 5091 2 5095 2 5116 6 5137 1 5172 2 5183 1 5211 1 5214 2 5217 1 5221 1 5224 1 5243 1 5245 1 5247 2 5292 1 5334 1 5344 1 5351 1 5372 1 5375 2 5385 1 5389 1 5391 1 5395 1 5427 1 5437 1 5481 1 5485 1 5497 3 5501 1 5503 2 5548 1 5567 1 5612 1 5614 2 5621 2 5624 6 5631 2 5651 1 5664 1 5695 1 5699 1 5741 1 5745 1 5751 1 5759 2 5780 1 5788 1 5790 1 5793 1 5823 1 5826 1 5832 1 5874 1 5878 1 5884 1 5887 2 5909 1 5920 1 5957 1 6015 2 6044 2 6080 1 6138 3 6144 1 6173 1 6175 1 6221 1 6263 1 6269 4 6386 1 6390 1 6392 1 6394 2 6397 4 6521 1 6523 6 6654 3 6778 2 6781 4 6843 1 6884 1 6886 1 6906 1 6908 5 7034 2 7037 4 7055 2 7138 2 7141 1 7147 1 7157 1 7160 1 7162 7 7184 2 7257 1 7263 1 7265 1 7286 2 7290 1 7293 1 7295 2 7308 3 7317 1 7343 2 7351 2 7358 2 7384 4 7392 1 7394 1 7403 2 7422 3 7433 1 7439 2 7514 1 7516 2 7519 1 7521 1 7529 1 7532 1 7550 1 7552 1 7560 1 7603 2 7615 1 7640 1 7645 2 7648 1 7652 1 7676 1 7679 2 7687 1 7729 1 7747 1 7771 1 7808 1 7814 1 7821 2 7824 1 7831 1 7835 2 7859 1 7863 2 7866 1 7874 3 7894 1 7896 1 7906 1 7916 1 7935 2 7943 1 7949 2 7954 1 7959 3 7988 1 7993 1 7997 1 8005 1 8025 1 8029 2 8032 1 8039 1 8047 1 8051 1 8064 1 8066 1 8075 1 8078 1 8081 1 8084 1 8087 1 8092 1 8112 1 8117 1 8125 2 8132 1 8154 1 8157 1 8161 3 8167 2 8175 1 8191 2 8198 1 8201 3 8206 2 8215 1 8221 1 8241 1 8243 1 8245 1 8250 1 8254 1 8261 1 8283 3 8287 1 8293 1 8295 1 8301 1 8307 1 8320 1 8324 1 8328 1 8335 4 8344 1 8373 1 8380 1 8389 1 8391 3 8414 5 8421 2 8433 4 8444 5 8453 1 8455 2 8460 1 8462 3 8471 1 8497 1 8501 5 8513 1 8539 1 8543 1 8545 3 8555 1 8573 2 8576 1 8582 2 8589 4 8624 1 8632 1 8634 3 8642 1 8653 2 8668 1 8671 1 8675 3 8684 1 8696 1 8702 3 8716 2 8727 1 8737 1 8759 1 8768 2 8799 1 8801 1 8803 1 8829 4 8838 1 8846 1 8854 1 8856 1 8864 1 8891 2 8895 1 8898 1 8925 2 8934 1 8940 1 8942 1 8953 2 8957 4 8965 1 8967 1 8969 1 8971 1 8973 4 8981 1 8987 1 8989 1 8991 2 9017 3 9023 2 9031 1 9057 1 9065 1 9073 1 9081 2 9086 1 9088 1 9094 1 9100 1 9103 1 9109 1 9112 3 9118 1 9120 1 9145 2 9148 1 9151 2 9154 1 9180 1 9184 1 9186 1 9188 1 9199 1 9204 1 9208 2 9215 2 9229 1 9233 1 9237 4 9243 1 9275 1 9281 1 9287 1 9310 4 9323 1 9329 1 9339 1 9341 4 9355 2 9358 1 9362 1 9368 1 9375 3 9398 1 9405 2 9434 1 9440 1 9442 1 9448 1 9450 1 9460 1 9462 1 9468 5 9489 1 9492 2 9495 3 9501 2 9529 1 9534 2 9539 1 9563 1 9566 4 9572 2 9577 1 9585 1 9598 1 9600 1 9610 1 9622 1 9624 7 9652 1 9663 2 9668 1 9672 1 9688 1 9694 5 9702 3 9710 1 9727 2 9747 1 9751 1 9754 1 9758 2 9790 3 9824 1 9826 2 9833 1 9853 4 9881 1 9920 1 9922 1 9953 3 9958 1 9964 1 9979 6 9994 2 10002 2 10015 1 10039 1 10041 1 10045 1 10047 2 10076 1 10078 8 10087 1 10106 1 10109 4 10117 3 10126 1 10128 1 10134 1 10136 3 10143 2 10163 1 10166 1 10168 1 10171 2 10174 3 10178 3 10198 1 10201 15 10222 1 10237 1 10239 2 10242 1 10246 1 10250 2 10255 2 10261 7 10269 3 10289 4 10295 1 10297 1 10300 1 10302 5 10308 1 10326 2 10330 2 10333 11 10345 1 10347 1 10350 1 10363 1 10365 4 10370 1 10374 1 10378 4 10385 3 10389 2 10393 1 10398 2 10414 1 10418 2 10421 2 10428 5 10454 5 10460 5 10467 2 10471 3 10475 2 10486 1 10490 1 10494 4 10500 2 10504 1 10506 1 10509 1 10513 2 10517 3 10521 3 10526 2 10529 1 10539 1 10544 2 10548 1 10551 1 10558 2 10561 1 10581 2 10584 1 10586 2 10589 5 10596 1 10599 3 10603 3 10624 1 10626 1 10632 1 10636 2 10639 1 10641 1 10645 1 10647 1 10649 3 10675 1 10678 2 10681 1 10683 3 10687 3 10710 4 10717 1 10720 9 10730 2 10751 2 10754 1 10761 1 10769 3 10774 4 10779 1 10790 2 10799 1 10801 1 10803 1 10805 1 10807 1 10809 1 10811 1 10813 2 10818 1 10821 1 10838 2 10841 1 10843 1 10845 5 10851 1 10853 1 10855 1 10857 1 10878 3 10890 1 10892 1 10895 2 10899 3 10906 2 10924 2 10932 1 10934 1 10938 1 10940 1 10942 1 10949 2 10952 1 10954 1 10962 1 10965 6 10972 1 10974 3 10978 3 10984 2 10988 1 10991 2 10997 12 11016 1 11023 15 11039 5 11045 1 11047 1 11049 3 11066 1 11069 3 11073 1 11075 2 11078 2 11081 1 11084 2 11089 1 11092 1 11094 1 11096 1 11099 1 11102 4 11107 5 11113 1 11116 2 11120 1 11123 1 11126 5 11132 5 11148 1 11154 2 11158 1 11160 5 11166 1 11168 5 11174 3 11178 3 11196 5 11202 3 11208 2 11212 2 11220 1 11240 3 11244 1 11250 3 11254 3 11258 7 11269 1 11274 2 11279 1 11284 5 11290 4 11295 3 11300 2 11306 1 11317 1 11323 1 11325 1 11333 3 11339 1 11360 2 11382 1 11384 2 11390 3 11398 2 11402 3 11407 1 11409 2 11414 4 11420 2 11425 1 11428 3 11433 2 11444 1 11446 1 11448 1 11451 2 11462 1 11471 1 11488 2 11493 1 11506 1 11510 1 11512 1 11514 1 11517 5 11524 2 11527 1 11533 1 11535 2 11538 5 11547 1 11551 1 11554 2 11567 1 11577 1 11593 1 11609 1 11613 1 11615 1 11619 1 11639 1 11641 1 11645 4 11658 1 11663 1 11666 1 11668 1 11671 2 11676 1 11679 2 11691 1 11702 1 11734 1 11738 1 11746 1 11748 1 11768 5 11775 2 11781 1 11785 1 11791 1 11794 1 11796 1 11802 1 11809 1 11815 1 11825 1 11827 1 11833 1 11835 1 11869 1 11873 1 11877 1 11901 1 11903 2 11910 1 11914 3 11918 1 11922 1 11926 1 11932 1 11936 1 11938 2 11952 3 11956 1 11962 3 11974 1 11996 5 12004 1 12025 4 12030 4 12035 1 12037 2 12040 7 12048 1 12050 1 12052 4 12057 1 12064 2 12067 1 12070 1 12080 2 12083 5 12090 1 12092 1 12095 1 12097 1 12109 1 12117 1 12120 2 12125 6 12139 1 12141 1 12144 2 12149 1 12151 10 12163 1 12166 1 12171 1 12174 2 12178 1 12180 1 12182 1 12184 1 12190 1 12194 1 12203 1 12207 2 12213 1 12219 2 12222 1 12224 1 12228 1 12242 1 12246 1 12248 1 12251 1 12254 2 12258 1 12260 1 12264 1 12268 1 12270 1 12272 1 12274 2 12278 1 12282 5 12288 1 12291 1 12293 3 12297 1 12300 1 12302 2 12305 5 12313 3 12317 4 12322 4 12327 1 12330 1 12333 1 12336 2 12342 6 12350 2 12355 1 12365 1 12367 1 12369 1 12373 3 12377 1 12380 2 12384 7 12396 2 12399 1 12401 1 12403 2 12406 1 12408 9 12420 1 12423 4 12432 2 12437 2 12441 2 12444 5 12450 1 12455 2 12459 1 12462 2 12465 1 12471 4 12477 1 12486 2 12490 1 12495 1 12501 1 12503 3 12513 4 12519 2 12523 2 12528 4 12535 1 12537 9 12548 7 12556 2 12562 1 12564 1 12566 2 12569 2 12574 7 12582 1 12586 1 12590 5 12597 3 12604 3 12612 2 12615 3 12621 1 12627 2 12632 2 12635 2 12638 7 12646 4 12652 2 12655 1 12658 2 12661 12 12677 3 12682 6 12691 10 12702 2 12705 4 12710 1 12718 4 12724 6 12734 2 12737 4 12744 1 12747 1 12749 1 12760 5 12766 6 12776 1 12778 3 12784 18 12803 1 12808 3 12817 1 12819 4 12824 1 12826 9 12839 1 12841 1 12845 2 12850 4 12859 1 12862 2 12866 3 12870 2 12875 1 12881 1 12887 2 12890 1 12892 2 12896 1 12901 1 12907 2 12913 2 12917 12 12930 1 12932 2 12937 2 12940 1 12942 1 12944 3 12948 1 12950 3 12954 7 12962 1 12966 1 12970 3 12975 2 12978 7 12986 1 12988 1 12990 4 12995 2 12998 1 13001 2 13008 1 13011 2 13016 3 13020 3 13024 3 13030 2 13034 2 13040 1 13042 5 13048 11 13062 2 13066 1 13069 1 13071 1 13075 1 13078 8 13088 2 13092 2 13098 3 13104 2 13108 1 13111 1 13113 1 13115 1 13117 1 13121 5 13130 2 13141 1 13146 5 13153 1 13155 1 13157 1 13163 3 13167 4 13172 7 13180 5 13190 3 13194 3 13200 1 13202 4 13207 7 13215 2 13228 1 13232 5 13238 3 13242 3 13246 1 13249 4 13254 1 13270 3 13274 5 13280 1 13283 2 13286 1 13288 1 13292 3 13297 1 13301 9 13311 2 13320 1 13326 2 13330 1 13332 9 13342 3 13351 1 13353 1 13355 1 13364 2 13368 2 13372 2 13375 4 13380 2 13385 2 13395 1 13397 1 13400 2 13405 2 13408 5 13417 1 13422 2 13427 14 13447 1 13452 1 13456 2 13459 12 13472 2 13481 2 13493 1 13495 2 13498 1 13500 7 13508 2 13511 1 13528 1 13530 1 13535 4 13543 2 13547 2 13553 4 13558 11 13575 1 13577 2 13582 1 13584 3 13588 1 13591 4 13597 5 13603 1 13607 1 13619 3 13624 1 13626 5 13633 3 13639 3 13643 1 13645 1 13652 1 13659 9 13671 1 13676 3 13681 5 13687 10 13698 1 13700 1 13710 2 13713 3 13719 3 13723 2 13726 1 13728 4 13749 3 13754 4 13759 2 13766 3 13771 2 13781 6 13788 11 13807 1 13809 16 13826 2 13829 1 13831 1 13833 2 13836 1 13839 3 13847 1 13849 2 13852 2 13855 2 13858 2 13861 1 13869 1 13873 1 13876 8 13889 1 13891 1 13893 1 13895 1 13900 2 13911 2 13914 2 13921 6 13931 2 13938 2 13942 11 13959 1 13965 1 13968 7 13977 1 13981 6 13989 1 14000 1 14003 1 14008 5 14015 7 14023 3 14028 2 14040 1 14042 5 14048 11 14065 17 14084 2 14091 2 14094 3 14102 3 14106 3 14110 4 14125 1 14127 1 14132 1 14136 2 14139 2 14143 3 14155 1 14157 1 14165 3 14169 2 14172 1 14174 2 14177 4 14182 2 14186 3 14191 1 14193 2 14196 13 14210 1 14214 2 14219 1 14222 3 14227 1 14229 2 14232 2 14235 9 14254 1 14256 1 14259 3 14264 9 14274 2 14277 3 14284 1 14290 3 14295 3 14300 3 14304 10 14315 2 14318 4 14323 14 14342 1 14345 1 14347 5 14357 2 14361 1 14363 1 14365 14 14382 2 14385 1 14387 1 14389 6 14396 2 14399 3 14403 1 14405 1 14407 3 14413 2 14417 5 14424 2 14427 5 14433 4 14438 1 14441 1 14444 1 14447 1 14449 1 14451 4 14456 9 14472 1 14476 1 14485 2 14488 3 14492 15 14510 1 14514 1 14516 1 14518 1 14520 13 14534 6 14541 2 14545 10 14556 1 14558 1 14560 1 14562 4 14568 9 14579 4 14584 9 14613 2 14616 2 14619 1 14621 9 14631 4 14637 2 14644 1 14646 1 14649 1 14651 1 14655 3 14659 11 14671 6 14678 3 14682 5 14688 4 14693 3 14699 2 14702 1 14704 2 14707 1 14709 3 14713 3 14717 4 14734 1 14742 1 14744 2 14752 6 14760 9 14771 1 14773 8 14782 7 14791 1 14795 3 14799 2 14803 9 14813 8 14822 6 14830 1 14836 1 14838 1 14841 1 14845 4 14869 2 14872 2 14880 7 14888 3 14892 4 14897 1 14899 4 14904 4 14910 6 14917 1 14919 1 14922 1 14926 5 14932 5 14938 1 14940 5 14946 11 14959 1 14966 2 14973 1 14975 2 15000 3 15005 4 15010 8 15019 15 15035 4 15040 19 15060 13 15074 8 15083 2 15086 3 15094 1 15096 1 15103 2 15124 2 15128 1 15133 5 15140 10 15151 6 15158 14 15173 3 15177 5 15183 1 15185 8 15194 2 15197 2 15200 6 15207 1 15209 2 15212 2 15216 1 15221 1 15225 1 15228 1 15230 3 15255 2 15263 6 15270 3 15274 29 15304 17 15322 1 15324 12 15338 3 15343 2 15346 1 15353 1 15356 1 15359 2 15379 1 15389 6 15396 5 15402 11 15414 10 15425 21 15448 16 15465 3 15470 2 15473 1 15475 1 15483 1 15488 1 15500 3 15510 1 15515 2 15518 12 15531 2 15534 4 15541 5 15547 4 15552 3 15556 5 15562 7 15570 7 15578 1 15581 7 15589 4 15594 3 15598 4 15604 1 15610 2 15614 3 15627 1 15633 2 15641 1 15645 1 15648 7 15656 9 15666 2 15669 4 15674 1 15676 1 15678 2 15681 5 15688 1 15690 9 15700 1 15702 17 15720 1 15722 3 15726 1 15729 1 15733 1 15744 1 15748 1 15752 1 15755 2 15759 1 15761 1 15764 1 15768 3 15774 15 15790 2 15793 2 15800 2 15804 6 15811 3 15816 1 15819 3 15824 6 15831 6 15838 6 15846 2 15849 10 15868 2 15871 3 15877 1 15881 1 15892 2 15896 2 15900 2 15904 2 15907 11 15919 2 15922 8 15931 8 15940 2 15943 1 15945 2 15948 6 15956 14 15973 6 15980 1 15982 1 15984 2 15993 1 16000 1 16012 1 16017 1 16020 2 16024 1 16028 1 16030 2 16033 3 16038 5 16045 1 16048 1 16055 3 16061 5 16068 3 16073 1 16075 2 16078 2 16082 2 16085 1 16088 1 16096 1 16098 1 16104 8 16115 2 16128 2 16131 1 16135 7 16143 4 16148 2 16152 5 16160 9 16172 1 16175 1 16177 1 16180 3 16184 5 16190 3 16194 7 16203 1 16207 2 16211 1 16213 1 16216 1 16220 5 16226 5 16233 2 16236 1 16239 3 16244 2 16248 2 16251 3 16255 2 16263 1 16266 1 16268 2 16271 3 16275 2 16280 1 16282 3 16286 1 16288 5 16294 3 16298 1 16302 1 16304 1 16306 1 16308 1 16310 1 16312 1 16314 2 16318 3 16324 3 16328 1 16330 1 16332 1 16334 3 16338 1 16344 1 16346 1 16350 3 16354 3 16358 2 16361 2 16364 1 16366 3 16372 1 16374 3 16378 5
4382-4,2 60 63 31 95 1 97 1 99 1 101 27 129 65 195 57 253 2 257 127 385 23 409 231 641 126 769 127 897 126 1025 93 1119 33 1153 126 1281 95 1377 1 1379 2 1382 26 1409 58 1468 36 1505 1 1507 2 1510 25 1537 89 1627 3 1633 1 1635 27 1663 1 1665 14 1680 4 1687 33 1722 4 1727 1 1730 24 1755 3 1759 1 1765 6 1773 18 1793 10 1804 5 1810 29 1840 10 1852 2 1855 24 1880 1 1882 2 1890 3 1896 1 1898 2 1901 16 1918 2 1921 19 1942 25 1969 3 1973 1 1975 7 1983 1 1985 3 1989 19 2012 2 2018 7 2029 16 2046 1 2049 14 2064 6 2071 4 2076 21 2098 7 2106 3 2110 5 2116 23 2140 2 2143 2 2146 1 2148 1 2150 3 2154 2 2157 2 2160 1 2162 14 2177 23 2201 3 2205 21 2227 7 2235 4 2240 2 2243 21 2265 3 2271 1 2273 3 2277 23 2305 20 2326 1 2328 1 2330 21 2352 17 2370 23 2394 3 2400 28 2430 1 2433 93 2529 1 2531 28 2561 16 2578 7 2586 41 2628 25 2654 1 2658 1 2660 9 2670 14 2687 1 2689 10 2701 3 2705 1 2707 12 2720 15 2737 5 2743 5 2749 3 2753 23 2777 7 2787 3 2791 23 2817 6 2824 1 2826 2 2829 10 2840 25 2866 3 2870 11 2882 3 2886 20 2908 2 2911 4 2916 11 2928 16 2945 8 2954 1 2956 2 2959 1 2961 39 3001 3 3005 10 3018 18 3040 4 3047 8 3056 1 3060 11 3073 8 3082 2 3085 2 3088 33 3122 6 3130 7 3138 29 3168 1 3172 19 3192 8 3201 5 3207 7 3216 2 3219 29 3250 7 3259 3 3263 1 3265 1 3267 5 3273 3 3278 10 3289 3 3294 6 3301 1 3303 1 3306 13 3321 6 3329 12 3342 17 3360 23 3385 6 3393 7 3402 21 3424 1 3426 1 3428 28 3457 21 3479 1 3481 29 3513 7 3521 1 3523 9 3533 19 3553 11 3565 1 3567 6 3574 9 3585 14 3600 5 3606 33 3640 1 3642 37 3680 3 3684 13 3698 14 3713 5 3719 3 3723 1 3725 1 3727 9 3737 21 3759 7 3767 1 3771 7 3779 1 3781 21 3803 5 3809 1 3813 1 3815 7 3823 8 3833 6 3841 9 3851 4 3858 9 3868 1 3870 21 3896 3 3900 4 3905 29 3935 2 3938 2 3942 4 3950 18 3969 9 3981 3 3985 1 3987 1 3989 3 3993 5 3999 21 4024 5 4031 6 4038 1 4041 17 4059 3 4063 1 4066 2 4069 1 4073 3 4077 1 4080 16 4097 12 4110 48 4160 41 4202 22 4225 17 4243 45 4289 31 4323 28 4353 18 4372 70 4444 4 4449 1 4451 29 4481 90 4572 6 4580 27 4609 87 4698 2 4701 3 4706 24 4737 11 4749 44 4794 30 4826 1 4829 1 4831 1 4834 24 4865 6 4872 7 4881 32 4914 13 4928 22 4951 4 4956 1 4960 5 4966 19 4993 1 4995 12 5008 2 5011 29 5041 4 5046 32 5082 4 5089 2 5093 2 5097 19 5122 15 5138 1 5140 32 5174 9 5184 27 5212 2 5216 1 5218 3 5222 2 5225 18 5244 1 5246 1 5249 43 5293 41 5335 9 5345 6 5352 20 5373 2 5377 8 5386 3 5390 1 5392 3 5396 31 5428 9 5438 43 5482 3 5486 11 5500 1 5502 1 5505 14 5520 28 5549 18 5568 44 5613 1 5616 5 5623 1 5630 1 5633 18 5652 12 5665 30 5696 3 5700 41 5742 3 5746 5 5752 7 5761 19 5781 7 5789 1 5791 2 5794 29 5824 2 5827 5 5833 41 5875 3 5879 5 5885 2 5889 20 5910 10 5921 36 5958 57 6017 27 6046 34 6081 57 6141 3 6145 28 6174 1 6176 45 6222 41 6264 5 6273 113 6387 3 6396 1 6401 120 6522 1 6529 125 6657 121 6780 1 6785 58 6844 40 6885 1 6887 19 6907 1 6913 121 7036 1 7041 14 7057 81 7140 1 7142 5 7148 9 7158 2 7161 1 7169 15 7186 71 7258 5 7264 1 7266 20 7288 2 7291 2 7294 1 7297 7 7305 1 7307 1 7311 6 7318 25 7345 6 7353 5 7361 23 7388 2 7391 1 7395 8 7405 17 7425 8 7434 1 7436 3 7441 73 7515 1 7518 1 7520 1 7522 7 7530 2 7533 17 7551 1 7553 7 7561 42 7605 10 7616 24 7641 4 7649 3 7653 23 7677 2 7681 4 7686 1 7688 41 7730 15 7746 1 7748 23 7772 36 7809 5 7818 3 7823 1 7825 6 7832 3 7837 19 7857 2 7861 2 7865 1 7867 6 7877 1 7879 15 7895 1 7897 9 7907 9 7917 18 7937 6 7944 2 7947 2 7956 3 7962 2 7965 18 7984 3 7989 3 7994 1 7996 1 7998 1 8000 2 8003 2 8006 19 8026 3 8033 2 8036 2 8040 4 8046 1 8048 3 8052 12 8065 1 8067 6 8089 2 8093 17 8113 1 8119 1 8123 1 8129 3 8134 2 8137 17 8156 1 8165 1 8169 6 8176 4 8181 10 8193 5 8199 2 8210 4 8217 4 8222 18 8242 1 8244 1 8246 2 8249 1 8251 3 8255 6 8262 20 8286 1 8288 2 8291 2 8294 1 8296 5 8302 5 8308 12 8321 2 8325 3 8329 2 8339 5 8345 28 8374 6 8381 8 8390 1 8394 18 8419 1 8423 3 8427 1 8429 3 8437 7 8449 4 8454 1 8458 2 8465 6 8472 25 8498 3 8506 3 8510 3 8514 25 8540 3 8544 1 8548 7 8556 17 8575 1 8577 5 8585 3 8593 31 8625 6 8633 1 8637 5 8643 10 8655 13 8669 2 8678 6 8685 11 8697 5 8705 11 8718 9 8728 9 8738 21 8760 8 8770 6 8777 22 8800 1 8802 1 8804 25 8833 5 8839 7 8847 7 8855 1 8857 7 8865 26 8893 2 8897 1 8899 26 8927 7 8935 5 8941 1 8943 10 8955 2 8961 4 8966 1 8968 1 8970 1 8972 1 8977 4 8982 5 8988 1 8990 1 8993 24 9020 3 9026 5 9032 25 9058 7 9066 7 9074 1 9076 5 9083 3 9087 1 9089 5 9096 4 9101 2 9104 5 9110 2 9116 2 9119 1 9121 24 9149 2 9153 1 9155 25 9181 3 9185 1 9187 1 9189 10 9200 4 9205 3 9210 5 9217 8 9226 3 9230 3 9234 3 9241 2 9244 31 9276 5 9282 5 9288 22 9314 9 9324 5 9330 9 9340 1 9345 10 9359 1 9361 1 9363 2 9366 2 9369 6 9378 20 9399 6 9407 27 9435 5 9441 1 9443 5 9449 1 9451 9 9461 1 9463 5 9473 12 9486 1 9488 1 9490 2 9494 1 9498 3 9503 26 9530 4 9536 3 9540 23 9564 2 9570 2 9574 3 9578 7 9586 12 9599 1 9601 9 9611 11 9623 1 9631 21 9653 10 9665 3 9669 3 9673 15 9689 5 9699 3 9705 5 9711 16 9729 18 9748 3 9752 2 9755 3 9760 30 9793 31 9825 1 9828 5 9834 19 9857 24 9882 38 9921 1 9923 30 9956 2 9959 5 9965 14 9985 9 9996 1 9998 4 10004 11 10016 23 10040 1 10042 3 10046 1 10049 27 10077 1 10088 18 10107 2 10113 4 10120 2 10123 1 10129 4 10135 1 10139 4 10145 18 10164 2 10173 1 10177 1 10181 17 10199 2 10216 6 10223 14 10238 1 10241 1 10243 3 10248 2 10252 3 10258 3 10268 1 10272 17 10293 2 10296 1 10298 1 10301 1 10307 1 10309 17 10328 2 10332 1 10344 1 10346 1 10348 2 10351 12 10364 1 10369 1 10382 3 10388 1 10391 2 10394 4 10400 14 10415 1 10420 1 10423 5 10433 21 10465 2 10469 2 10474 1 10477 9 10487 3 10491 3 10498 1 10502 2 10507 2 10510 3 10516 1 10520 1 10524 2 10528 1 10530 9 10540 4 10546 2 10549 2 10552 6 10560 1 10562 19 10583 1 10585 1 10588 1 10594 2 10597 2 10602 1 10606 18 10625 1 10627 5 10633 3 10638 1 10640 1 10642 3 10646 1 10648 1 10652 16 10669 6 10676 2 10680 1 10682 1 10686 1 10690 20 10714 3 10718 2 10729 1 10732 19 10753 1 10756 5 10762 3 10766 1 10768 1 10772 2 10778 1 10780 10 10792 7 10800 1 10802 1 10804 1 10806 1 10808 1 10810 1 10812 1 10815 3 10819 2 10822 16 10840 1 10842 1 10844 1 10850 1 10852 1 10854 1 10856 1 10858 20 10881 8 10891 1 10893 2 10898 1 10902 4 10908 16 10926 6 10936 1 10941 1 10943 6 10951 1 10953 1 10955 7 10963 2 10982 2 10986 2 10989 2 10993 4 11009 6 11017 6 11038 1 11044 1 11046 1 11048 1 11052 14 11068 1 11072 1 11074 1 11077 1 11080 1 11082 2 11086 3 11090 2 11093 1 11095 1 11097 2 11100 2 11106 1 11112 1 11114 2 11118 2 11121 2 11124 2 11131 1 11137 11 11149 3 11153 1 11181 15 11201 1 11205 3 11210 2 11214 6 11221 19 11243 1 11245 5 11253 1 11257 1 11265 4 11270 4 11276 1 11278 1 11281 2 11289 1 11294 1 11298 2 11302 4 11307 10 11318 5 11324 1 11326 7 11336 3 11340 20 11362 20 11383 1 11386 4 11393 4 11400 2 11405 2 11411 3 11418 2 11422 2 11426 2 11431 2 11435 9 11445 1 11447 1 11449 2 11453 9 11463 8 11473 15 11490 3 11494 12 11507 3 11511 1 11513 1 11515 2 11522 1 11526 1 11528 5 11534 1 11543 4 11548 3 11552 2 11556 11 11568 9 11578 15 11594 15 11610 3 11614 1 11616 3 11620 19 11640 1 11642 3 11649 5 11655 3 11659 4 11664 2 11667 1 11669 2 11673 3 11677 2 11681 10 11692 10 11703 31 11735 3 11739 7 11747 1 11749 19 11773 2 11777 4 11782 1 11784 1 11786 5 11792 2 11797 5 11803 6 11810 5 11816 8 11826 1 11828 5 11834 1 11836 31 11868 1 11870 3 11874 3 11878 23 11902 1 11905 5 11912 1 11917 1 11919 3 11923 3 11927 5 11933 3 11941 11 11957 5 11965 9 11975 15 11991 5 12001 3 12005 20 12029 1 12034 1 12036 1 12049 1 12058 1 12060 4 12066 1 12072 8 12088 2 12093 2 12096 1 12098 11 12110 7 12118 2 12122 2 12131 1 12134 5 12140 1 12142 2 12146 3 12150 1 12161 2 12164 1 12167 2 12172 2 12177 1 12189 1 12191 3 12195 8 12204 3 12209 2 12214 3 12225 2 12229 1 12231 5 12237 5 12243 2 12253 1 12265 1 12271 1 12276 1 12279 3 12289 2 12292 1 12296 1 12299 1 12304 1 12310 1 12312 1 12316 1 12321 1 12326 1 12328 2 12331 1 12334 1 12338 3 12352 1 12354 1 12358 3 12362 3 12366 1 12368 1 12370 3 12376 1 12378 1 12382 1 12391 5 12398 1 12400 1 12402 1 12405 1 12417 2 12427 1 12435 1 12440 1 12449 1 12451 3 12457 1 12468 2 12479 1 12481 3 12485 1 12488 2 12491 3 12496 5 12506 1 12511 1 12518 1 12521 2 12527 1 12532 3 12546 1 12558 3 12568 1 12572 1 12583 2 12587 3 12595 1 12600 4 12608 4 12614 1 12618 3 12622 1 12624 3 12629 3 12634 1 12645 1 12650 2 12654 1 12656 2 12660 1 12673 3 12688 3 12709 1 12711 7 12723 1 12730 4 12741 2 12745 2 12748 1 12750 10 12765 1 12772 4 12781 3 12802 1 12804 1 12812 5 12818 1 12835 4 12840 1 12842 3 12847 1 12854 5 12860 2 12864 1 12869 1 12872 3 12876 5 12882 5 12889 1 12891 1 12894 2 12898 3 12902 3 12906 1 12909 4 12916 1 12929 1 12934 2 12943 1 12961 1 12963 3 12967 2 12973 2 12977 1 12985 1 12987 1 12989 1 12997 1 12999 2 13003 5 13009 2 13013 3 13019 1 13027 3 13032 1 13036 4 13047 1 13060 2 13064 1 13068 1 13070 1 13072 1 13074 1 13076 1 13086 2 13090 2 13094 4 13101 3 13106 2 13109 2 13112 1 13114 1 13116 1 13118 2 13126 4 13132 9 13142 4 13151 2 13154 1 13156 1 13158 5 13166 1 13171 1 13179 1 13185 5 13193 1 13197 2 13206 1 13214 1 13217 11 13229 3 13237 1 13247 2 13253 1 13255 15 13273 1 13279 1 13281 2 13285 1 13287 1 13289 2 13295 2 13298 3 13310 1 13313 7 13322 1 13324 1 13341 1 13345 6 13352 1 13354 1 13356 8 13366 2 13370 1 13374 1 13379 1 13382 3 13387 8 13396 1 13398 2 13402 3 13413 2 13416 1 13418 4 13424 3 13441 3 13445 2 13449 1 13453 3 13471 1 13474 7 13483 9 13497 1 13499 1 13507 1 13512 16 13529 1 13531 3 13539 3 13546 1 13549 4 13557 1 13569 2 13572 3 13576 1 13580 1 13589 1 13595 2 13602 1 13604 3 13608 11 13622 1 13632 1 13636 3 13642 1 13644 1 13646 6 13653 6 13668 3 13672 4 13679 2 13686 1 13697 1 13702 4 13716 3 13722 1 13725 1 13727 1 13732 14 13747 2 13758 1 13761 5 13769 2 13773 8 13787 1 13799 8 13808 1 13825 1 13828 1 13832 1 13835 1 13844 3 13848 1 13854 1 13857 1 13860 1 13862 7 13870 3 13874 2 13884 5 13890 1 13892 1 13894 1 13896 4 13902 9 13913 1 13916 2 13920 1 13927 4 13933 5 13940 2 13953 5 13961 3 13975 1 13987 2 13990 10 14002 1 14005 3 14013 2 14026 2 14030 10 14047 1 14059 6 14082 1 14086 1 14088 1 14090 1 14098 1 14100 1 14105 1 14109 1 14114 11 14126 1 14128 1 14130 1 14133 2 14138 1 14142 1 14146 1 14148 1 14150 2 14153 2 14156 1 14158 7 14168 1 14171 1 14176 1 14184 2 14190 1 14192 1 14209 1 14212 1 14216 1 14218 1 14225 1 14231 1 14234 1 14244 10 14257 2 14262 2 14273 1 14276 1 14281 3 14285 5 14293 2 14298 2 14317 1 14337 5 14344 1 14346 1 14352 5 14360 1 14362 1 14364 1 14379 3 14384 1 14386 1 14388 1 14398 1 14402 1 14404 1 14406 1 14410 3 14415 2 14422 2 14426 1 14432 1 14439 2 14442 1 14446 1 14448 1 14450 1 14455 1 14465 3 14469 1 14473 3 14477 3 14481 4 14487 1 14507 3 14511 2 14540 1 14543 2 14566 2 14577 2 14583 1 14593 12 14606 7 14618 1 14620 1 14630 1 14636 1 14640 1 14642 1 14648 1 14650 1 14652 3 14658 1 14670 1 14692 1 14696 3 14701 1 14703 1 14706 1 14708 1 14712 1 14716 1 14721 3 14725 9 14735 7 14743 1 14746 6 14758 2 14769 2 14772 1 14781 1 14789 2 14792 3 14798 1 14801 2 14812 1 14821 1 14828 2 14831 5 14837 1 14839 2 14842 3 14849 20 14874 6 14898 1 14908 2 14916 1 14918 1 14920 2 14923 3 14957 2 14960 6 14968 5 14974 1 14977 23 15003 2 15009 1 15034 1 15039 1 15059 1 15085 1 15089 5 15095 1 15097 6 15105 19 15126 2 15129 4 15138 2 15150 1 15172 1 15176 1 15182 1 15184 1 15196 1 15206 1 15208 1 15214 2 15217 4 15222 3 15226 2 15229 1 15233 22 15257 6 15269 1 15273 1 15303 1 15336 2 15341 2 15345 1 15347 6 15354 2 15357 2 15361 18 15380 9 15424 1 15446 1 15464 1 15468 1 15472 1 15474 1 15476 7 15484 4 15489 11 15503 7 15511 4 15517 1 15530 1 15538 2 15555 1 15602 2 15605 5 15612 2 15617 1 15619 8 15628 5 15635 4 15640 1 15642 3 15646 2 15680 1 15701 1 15725 1 15728 1 15730 3 15734 10 15745 1 15749 2 15753 2 15757 2 15760 1 15763 1 15765 3 15771 3 15814 1 15818 1 15859 9 15870 1 15875 2 15878 3 15882 10 15894 2 15898 1 15902 2 15906 1 15918 1 15954 1 15986 7 15994 6 16001 1 16004 4 16009 3 16014 3 16019 1 16023 1 16025 2 16029 1 16032 1 16066 2 16071 1 16081 1 16113 2 16117 11 16132 3 16142 1 16158 1 16242 2 16246 2 16250 1 16254 1 16257 6 16264 1 16270 1 16274 1 16278 1 16370 2 16373 1 16377 1
4382-5,2719 1 3249 1 3679 1 3811 1 3855 1 3893 1 7393 1 7647 1 7815 1 7873 1 7951 1 8073 1 8085 1 8111 1 8127 1 8133 1 8155 1 8323 1 8631 1 9225 1 10167 1 10371 1 10375 1 12069 1 12133 1 12245 1 12259 1 12261 1 12269 1 12273 1 12419 1 12429 1 12607 1 12931 1 13451 1 13581 1 13967 1 14101 1 14519 1 15747 1 15751 1 15789 1 15799 1 15939 1 15981 1 16003 1 16013 1 16099 1 16151 1 16189 1 16205 1 16209 1 16235 1 16279 1 16293 1 16297 1 16331 1 16340 1
4382-6,
4382-7,194 1 252 1 767 1 896 1 1023 1 1279 1 1684 1 1728 1 1850 1 1893 1 1900 1 1972 1 1984 1 1988 1 2008 1 2026 1 2097 1 2397 1 2526 1 2528 1 2577 1 2700 1 2704 1 2742 1 2748 1 2752 1 2784 1 3121 1 3218 1 3276 1 3320 1 3400 1 3520 1 3639 1 3724 1 3768 2 3780 1 3808 1 3810 1 3892 1 3895 1 3937 1 3984 1 3986 1 4020 4 4040 1 4058 1 4065 1 4068 1 4076 1 4078 1 4158 1 4242 1 4748 1 5010 1 7304 1 7306 1 7360 1 7390 1 7685 1 7745 1 7816 2 7856 1 7860 1 7878 1 7946 1 7952 1 7955 1 7964 1 7983 1 7987 1 7992 1 7999 1 8002 1 8035 1 8038 1 8044 2 8074 1 8076 2 8079 2 8082 2 8086 1 8088 1 8091 1 8110 1 8114 3 8118 1 8120 3 8124 1 8128 1 8136 1 8158 1 8160 1 8164 1 8166 1 8180 1 8204 1 8208 2 8214 1 8240 1 8248 1 8282 1 8290 1 8331 4 8412 1 8420 1 8426 1 8428 1 8432 1 8509 1 8584 1 8588 1 8672 1 8674 1 8776 1 8896 1 9360 1 9997 1 10086 1 10122 1 10124 1 10133 1 10170 1 10372 1 10376 1 10416 1 10668 1 10755 1 11152 1 11156 1 11397 1 11408 1 11424 1 11472 1 11523 1 11654 1 11824 1 11937 1 11940 1 11990 1 12056 1 12059 1 12068 1 12071 1 12082 1 12091 1 12124 1 12132 1 12169 1 12176 1 12181 1 12183 1 12185 4 12211 2 12217 2 12221 1 12223 1 12227 1 12230 1 12236 1 12247 1 12249 2 12252 1 12256 2 12262 1 12266 2 12277 1 12287 1 12311 1 12332 1 12341 1 12348 1 12353 1 12356 1 12361 1 12379 1 12383 1 12422 1 12428 1 12430 1 12434 1 12436 1 12439 1 12454 1 12458 1 12460 2 12464 1 12466 2 12470 1 12475 2 12478 1 12480 1 12484 1 12494 1 12502 1 12508 3 12512 1 12517 1 12525 2 12536 1 12581 1 12585 1 12596 1 12623 1 12637 1 12676 1 12680 1 12704 1 12722 1 12736 1 12743 1 12849 1 12865 1 12897 1 12915 1 12936 1 12994 1 13023 1 13067 1 13120 1 13444 1 13448 1 13458 1 13492 1 13494 1 13510 1 13534 1 13542 1 13571 1 13590 1 13631 1 13699 1 13706 4 13712 1 13746 1 13752 1 13830 1 13843 1 13958 1 13960 1 13964 1 13966 1 13976 1 13978 1 13980 1 14004 1 14022 1 14093 1 14131 1 14135 1 14147 1 14149 1 14152 1 14189 1 14211 1 14220 1 14226 1 14228 1 14255 1 14280 1 14314 1 14322 1 14468 1 14470 1 14480 1 14605 1 14724 1 14896 1 15018 1 15073 1 15082 1 15540 1 15546 1 15580 1 15588 1 15618 1 15668 1 15686 2 15699 1 15746 1 15762 1 15792 1 15795 4 15802 1 15810 1 15815 1 15817 1 15822 1 15830 1 15844 2 15848 1 15874 1 15930 1 15942 1 15944 1 15947 1 15955 1 15970 3 15979 1 15983 1 16002 1 16008 1 16018 1 16022 1 16036 1 16043 2 16046 2 16049 6 16058 3 16072 1 16074 1 16080 1 16084 1 16086 2 16089 7 16097 1 16100 4 16112 1 16130 1 16150 1 16157 1 16159 1 16169 3 16173 2 16176 1 16178 2 16183 1 16193 1 16201 2 16204 1 16210 1 16212 1 16214 2 16217 3 16225 1 16231 2 16237 2 16267 1 16277 1 16281 1 16285 1 16287 1 16299 3 16303 1 16305 1 16307 1 16309 1 16311 1 16313 1 16316 2 16321 2 16327 1 16329 1 16333 1 16337 1 16339 1 16341 3 16345 1 16347 3 16353 1 16357 1 16360 1 16363 1 16365 1 16369 1 16383 1
4382-15,
